,ds,doy,percent_ill,region
0,2016-08-02,215,1.14494291069123,36047
682,2016-08-03,216,1.02016142486107,36047
1,2016-08-04,217,1.07963817330104,36047
683,2016-08-05,218,0.955712732282424,36047
2,2016-08-06,219,1.05574431894675,36047
684,2016-08-07,220,1.21079429935802,36047
685,2016-08-08,221,1.07163076750785,36047
686,2016-08-09,222,1.14130063524595,36047
687,2016-08-10,223,1.32752291906067,36047
3,2016-08-11,224,1.32069760659891,36047
4,2016-08-12,225,1.37372521569618,36047
688,2016-08-13,226,1.26194324605365,36047
5,2016-08-14,227,1.24896952172863,36047
689,2016-08-15,228,1.3520872540497,36047
690,2016-08-16,229,1.11965607388933,36047
691,2016-08-17,230,1.07024306717418,36047
6,2016-08-18,231,1.05057613961696,36047
692,2016-08-19,232,1.11431171041149,36047
693,2016-08-20,233,0.934272686167184,36047
694,2016-08-21,234,0.823951408646785,36047
7,2016-08-22,235,0.783350228424809,36047
8,2016-08-23,236,0.664888479384139,36047
9,2016-08-24,237,0.774711543095269,36047
10,2016-08-25,238,0.761664398099929,36047
695,2016-08-26,239,1.13135592319631,36047
11,2016-08-27,240,1.31068166683211,36047
12,2016-08-28,241,1.59712038445579,36047
13,2016-08-29,242,1.64230751586906,36047
14,2016-08-30,243,1.7703462077715,36047
696,2016-08-31,244,1.80059013894753,36047
15,2016-09-01,245,1.75097190216849,36047
697,2016-09-02,246,1.53725843202265,36047
16,2016-09-03,247,1.27278319170682,36047
17,2016-09-04,248,1.11422063648199,36047
698,2016-09-05,249,0.953570507591741,36047
699,2016-09-06,250,0.926822215417682,36047
700,2016-09-07,251,0.976701998447031,36047
701,2016-09-08,252,1.24138169381696,36047
702,2016-09-09,253,1.32496118263247,36047
18,2016-09-10,254,1.39047835067733,36047
19,2016-09-11,255,1.31930065374491,36047
703,2016-09-12,256,1.30559116846587,36047
704,2016-09-13,257,1.16576034452939,36047
20,2016-09-14,258,1.26647445229227,36047
705,2016-09-15,259,1.08595417639902,36047
706,2016-09-16,260,0.969469548300107,36047
707,2016-09-17,261,0.978228272265184,36047
21,2016-09-18,262,1.0462454184791,36047
22,2016-09-19,263,1.04738631496353,36047
23,2016-09-20,264,0.85232622291125,36047
708,2016-09-21,265,0.722928459811524,36047
24,2016-09-22,266,0.597551713398437,36047
709,2016-09-23,267,0.959078451423163,36047
710,2016-09-24,268,1.0001546182769,36047
25,2016-09-25,269,0.704682802873036,36047
711,2016-09-26,270,0.642717067223287,36047
712,2016-09-27,271,0.590810223411493,36047
26,2016-09-28,272,0.568333251449112,36047
27,2016-09-29,273,0.701110139916373,36047
713,2016-09-30,274,0.922562186653554,36047
714,2016-10-01,275,0.647413588383856,36047
28,2016-10-02,276,0.550079865472258,36047
29,2016-10-03,277,0.816078775810625,36047
30,2016-10-04,278,0.733328207973886,36047
715,2016-10-05,279,0.708981993438854,36047
31,2016-10-06,280,0.719585180094402,36047
32,2016-10-07,281,0.466867198620579,36047
716,2016-10-08,282,0.360406497183576,36047
717,2016-10-09,283,0.322246843905915,36047
33,2016-10-10,284,0.473197602480009,36047
718,2016-10-11,285,0.377074710163871,36047
719,2016-10-12,286,0.744501262424742,36047
720,2016-10-13,287,0.737138789032349,36047
721,2016-10-14,288,1.08190505318414,36047
34,2016-10-15,289,1.28935826030195,36047
35,2016-10-16,290,1.40121241932391,36047
36,2016-10-17,291,1.74474969238769,36047
37,2016-10-18,292,1.94609216200939,36047
38,2016-10-19,293,1.92295428029739,36047
39,2016-10-20,294,1.84099329480971,36047
40,2016-10-21,295,1.80637386137896,36047
722,2016-10-22,296,1.46401918713398,36047
723,2016-10-23,297,1.24859005028856,36047
724,2016-10-24,298,1.39906775216727,36047
725,2016-10-25,299,1.33767603344399,36047
41,2016-10-26,300,1.52507395248773,36047
726,2016-10-27,301,1.42061094112073,36047
727,2016-10-28,302,1.44590141663777,36047
42,2016-10-29,303,1.51133804872006,36047
728,2016-10-30,304,1.63557031025445,36047
43,2016-10-31,305,1.75489776748596,36047
729,2016-11-01,306,1.47280988721072,36047
730,2016-11-02,307,1.47482757055444,36047
731,2016-11-03,308,1.28494825780962,36047
44,2016-11-04,309,1.14684530973256,36047
45,2016-11-05,310,1.05493523897255,36047
46,2016-11-06,311,1.33398482723814,36047
732,2016-11-07,312,1.40073968468539,36047
733,2016-11-08,313,1.43157003983659,36047
47,2016-11-09,314,1.33615217470548,36047
48,2016-11-10,315,1.41505285478514,36047
734,2016-11-11,316,1.55615476272015,36047
735,2016-11-12,317,1.6431559035517,36047
49,2016-11-13,318,1.67618305273897,36047
50,2016-11-14,319,1.44247227222762,36047
51,2016-11-15,320,1.86590144719036,36047
52,2016-11-16,321,2.08095955449136,36047
736,2016-11-17,322,2.34009983148221,36047
53,2016-11-18,323,2.12171065137236,36047
54,2016-11-19,324,2.1594466530779,36047
737,2016-11-20,325,2.2796755019112,36047
55,2016-11-21,326,2.28444508625391,36047
738,2016-11-22,327,2.27202335454135,36047
56,2016-11-23,328,2.14200724056169,36047
739,2016-11-24,329,2.27866428065882,36047
57,2016-11-25,330,1.91245749865664,36047
58,2016-11-26,331,1.99581861925321,36047
59,2016-11-27,332,2.04372833112434,36047
60,2016-11-28,333,1.82404008184396,36047
740,2016-11-29,334,1.8223431244741,36047
741,2016-11-30,335,1.88060773155428,36047
742,2016-12-01,336,2.05099896816586,36047
61,2016-12-02,337,1.88440363316378,36047
62,2016-12-03,338,1.86814980949113,36047
63,2016-12-04,339,2.07483532330057,36047
743,2016-12-05,340,2.09621070910062,36047
744,2016-12-06,341,2.0867607324102,36047
64,2016-12-07,342,2.11383751295583,36047
65,2016-12-08,343,2.434171080993,36047
745,2016-12-09,344,2.29604345247327,36047
746,2016-12-10,345,2.26699855408182,36047
747,2016-12-11,346,2.50168486826492,36047
66,2016-12-12,347,2.43404646895852,36047
67,2016-12-13,348,2.69275457428427,36047
68,2016-12-14,349,3.03587987906317,36047
748,2016-12-15,350,3.02534783069723,36047
749,2016-12-16,351,3.27455686249983,36047
69,2016-12-17,352,3.17434726376033,36047
750,2016-12-18,353,3.47262763709381,36047
751,2016-12-19,354,3.76860084615694,36047
752,2016-12-20,355,3.83754986907064,36047
753,2016-12-21,356,3.52491337948425,36047
70,2016-12-22,357,3.83019608906916,36047
71,2016-12-23,358,3.9726491332877,36047
72,2016-12-24,359,3.82845362235767,36047
73,2016-12-25,360,3.70508175307873,36047
754,2016-12-26,361,3.69448622755215,36047
74,2016-12-27,362,3.73046984762897,36047
75,2016-12-28,363,4.10765735606564,36047
755,2016-12-29,364,4.30848058463988,36047
756,2016-12-30,365,4.28747722107412,36047
757,2016-12-31,366,4.08566619264838,36047
758,2017-01-01,1,3.81755154757433,36047
759,2017-01-02,2,3.70532656100876,36047
760,2017-01-03,3,3.68468020833947,36047
76,2017-01-04,4,3.75655177825555,36047
761,2017-01-05,5,3.42482311106524,36047
762,2017-01-06,6,3.02779778689879,36047
77,2017-01-07,7,3.07444613212981,36047
78,2017-01-08,8,3.44567196403294,36047
763,2017-01-09,9,3.60390153493761,36047
79,2017-01-10,10,3.6352735867498,36047
80,2017-01-11,11,3.61746413441637,36047
81,2017-01-12,12,4.0497499376644,36047
82,2017-01-13,13,4.20242555793371,36047
764,2017-01-14,14,4.71725479881153,36047
765,2017-01-15,15,4.93648710253026,36047
766,2017-01-16,16,4.92847162198042,36047
83,2017-01-17,17,5.11450319845213,36047
84,2017-01-18,18,5.43275266053816,36047
85,2017-01-19,19,5.84662768125202,36047
86,2017-01-20,20,5.99799665569124,36047
87,2017-01-21,21,6.79117919305665,36047
88,2017-01-22,22,6.77860715037384,36047
89,2017-01-23,23,6.9578670737271,36047
90,2017-01-24,24,6.81094951868689,36047
91,2017-01-25,25,6.92578791928119,36047
92,2017-01-26,26,6.98179788366646,36047
767,2017-01-27,27,6.86997316977743,36047
93,2017-01-28,28,7.08577951006269,36047
768,2017-01-29,29,6.88807621653855,36047
769,2017-01-30,30,6.83491113945505,36047
770,2017-01-31,31,6.61229050229911,36047
94,2017-02-01,32,6.01530877426744,36047
771,2017-02-02,33,6.33814627123129,36047
772,2017-02-03,34,6.46212620740135,36047
95,2017-02-04,35,6.73546631763496,36047
96,2017-02-05,36,6.77518435379123,36047
773,2017-02-06,37,6.86701989147751,36047
774,2017-02-07,38,6.76747871716771,36047
775,2017-02-08,39,6.82358339399199,36047
776,2017-02-09,40,7.02006050092396,36047
97,2017-02-10,41,6.96810810291478,36047
777,2017-02-11,42,6.80800131603094,36047
778,2017-02-12,43,6.72450832327852,36047
779,2017-02-13,44,6.5310070902145,36047
98,2017-02-14,45,6.32015885693918,36047
780,2017-02-15,46,6.03895659251239,36047
99,2017-02-16,47,5.81911342088201,36047
100,2017-02-17,48,5.53143784204697,36047
781,2017-02-18,49,5.58009389673127,36047
101,2017-02-19,50,5.4114760939713,36047
102,2017-02-20,51,5.19139809749704,36047
782,2017-02-21,52,5.17176322237823,36047
783,2017-02-22,53,5.12147508953087,36047
784,2017-02-23,54,5.19291944384025,36047
103,2017-02-24,55,5.3204465685057,36047
104,2017-02-25,56,5.22033270832912,36047
785,2017-02-26,57,4.73114258833183,36047
786,2017-02-27,58,4.3123428630349,36047
105,2017-02-28,59,3.89490475339187,36047
106,2017-03-01,60,3.84961742142457,36047
787,2017-03-02,61,3.39308896795746,36047
788,2017-03-03,62,2.78582962632624,36047
107,2017-03-04,63,2.53140517331554,36047
108,2017-03-05,64,2.55044578738279,36047
789,2017-03-06,65,2.72524330805849,36047
790,2017-03-07,66,2.81322514728762,36047
109,2017-03-08,67,2.78463969638373,36047
791,2017-03-09,68,2.83216029302945,36047
792,2017-03-10,69,3.05222453522697,36047
110,2017-03-11,70,3.41658789391475,36047
111,2017-03-12,71,3.68698478660885,36047
112,2017-03-13,72,3.7153365987361,36047
793,2017-03-14,73,3.43183026555095,36047
113,2017-03-15,74,3.20227898862694,36047
794,2017-03-16,75,3.46614353800778,36047
795,2017-03-17,76,3.5169320221787,36047
114,2017-03-18,77,3.50117906284646,36047
115,2017-03-19,78,3.48106731929466,36047
116,2017-03-20,79,3.30802267562788,36047
796,2017-03-21,80,3.39203627485654,36047
797,2017-03-22,81,3.44021739151346,36047
117,2017-03-23,82,3.64430052160745,36047
118,2017-03-24,83,3.2946600213722,36047
798,2017-03-25,84,3.01753912626871,36047
119,2017-03-26,85,3.11618501148888,36047
120,2017-03-27,86,3.33340724566208,36047
799,2017-03-28,87,3.42567646666665,36047
121,2017-03-29,88,3.64550363689015,36047
800,2017-03-30,89,3.72191755053379,36047
122,2017-03-31,90,3.77894707852883,36047
801,2017-04-01,91,4.05289902497129,36047
802,2017-04-02,92,4.36545213660985,36047
123,2017-04-03,93,4.67165121240897,36047
803,2017-04-04,94,5.01504707978976,36047
124,2017-04-05,95,4.88301336160255,36047
125,2017-04-06,96,4.73042268124963,36047
804,2017-04-07,97,4.44549486021436,36047
126,2017-04-08,98,4.00967574633394,36047
127,2017-04-09,99,3.76638574984697,36047
805,2017-04-10,100,3.47769635522165,36047
128,2017-04-11,101,3.06970671479023,36047
806,2017-04-12,102,2.70021621154183,36047
129,2017-04-13,103,2.43279604512415,36047
130,2017-04-14,104,1.97430095533173,36047
131,2017-04-15,105,2.03387267408187,36047
132,2017-04-16,106,1.88997255508327,36047
133,2017-04-17,107,2.16915979771137,36047
807,2017-04-18,108,2.24023945674384,36047
808,2017-04-19,109,2.02826123238197,36047
809,2017-04-20,110,1.97247818654765,36047
134,2017-04-21,111,1.89640939361124,36047
135,2017-04-22,112,1.97277675177826,36047
810,2017-04-23,113,2.1400597267069,36047
811,2017-04-24,114,1.97684238654965,36047
812,2017-04-25,115,1.94221257870372,36047
136,2017-04-26,116,1.97358015922904,36047
813,2017-04-27,117,1.974630253634,36047
137,2017-04-28,118,1.81935155327423,36047
138,2017-04-29,119,1.6687728654238,36047
814,2017-04-30,120,1.65509021276272,36047
815,2017-05-01,121,1.82644562905263,36047
139,2017-05-02,122,1.82955412657062,36047
140,2017-05-03,123,1.62976511481927,36047
816,2017-05-04,124,1.54732218329244,36047
141,2017-05-05,125,1.60539290252113,36047
142,2017-05-06,126,1.61884068089747,36047
143,2017-05-07,127,1.65208000948627,36047
817,2017-05-08,128,1.63033879011086,36047
144,2017-05-09,129,1.32515585104399,36047
818,2017-05-10,130,1.29096525541329,36047
819,2017-05-11,131,1.42965023592227,36047
820,2017-05-12,132,1.42868144961488,36047
821,2017-05-13,133,1.38946081863701,36047
822,2017-05-14,134,1.37595724396521,36047
145,2017-05-15,135,1.50887839428252,36047
823,2017-05-16,136,1.6558823441899,36047
146,2017-05-17,137,2.06502691542308,36047
147,2017-05-18,138,2.13204002905133,36047
148,2017-05-19,139,2.27340277522696,36047
149,2017-05-20,140,2.23014722529532,36047
150,2017-05-21,141,2.18654839170243,36047
151,2017-05-22,142,2.33951716088028,36047
824,2017-05-23,143,2.323213239066,36047
825,2017-05-24,144,2.2152554891922,36047
826,2017-05-25,145,1.98959015102285,36047
827,2017-05-26,146,2.03986067689561,36047
152,2017-05-27,147,1.72323729661654,36047
828,2017-05-28,148,1.61558079462414,36047
829,2017-05-29,149,1.48342190657303,36047
830,2017-05-30,150,1.48361571220613,36047
831,2017-05-31,151,1.31807633870843,36047
832,2017-06-01,152,1.25608638910421,36047
833,2017-06-02,153,0.856181776812779,36047
834,2017-06-03,154,0.760627869511578,36047
835,2017-06-04,155,0.917481807562349,36047
153,2017-06-05,156,1.07235000940432,36047
836,2017-06-06,157,1.43874301705506,36047
154,2017-06-07,158,1.38550906110784,36047
155,2017-06-08,159,1.47900885275961,36047
837,2017-06-09,160,1.35299120488836,36047
838,2017-06-10,161,1.32980039929343,36047
839,2017-06-11,162,1.47428561093512,36047
156,2017-06-12,163,1.56084216930829,36047
840,2017-06-13,164,1.49281360438879,36047
841,2017-06-14,165,1.16481993640619,36047
157,2017-06-15,166,1.29489138114825,36047
158,2017-06-16,167,1.36857122828936,36047
842,2017-06-17,168,1.81248336889913,36047
843,2017-06-18,169,1.95740769505846,36047
159,2017-06-19,170,2.34659620109956,36047
160,2017-06-20,171,2.27852795548918,36047
161,2017-06-21,172,2.0942336020004,36047
844,2017-06-22,173,2.18483082986888,36047
845,2017-06-23,174,2.28700047790501,36047
162,2017-06-24,175,2.32750880450379,36047
846,2017-06-25,176,2.3566175367487,36047
163,2017-06-26,177,2.46889718586988,36047
164,2017-06-27,178,1.95589759131977,36047
847,2017-06-28,179,1.89614430065522,36047
848,2017-06-29,180,2.026413509349,36047
165,2017-06-30,181,1.76946118906694,36047
166,2017-07-01,182,1.69056368585183,36047
167,2017-07-02,183,1.33064596253004,36047
168,2017-07-03,184,1.11034387696743,36047
849,2017-07-04,185,1.13778587550436,36047
850,2017-07-05,186,1.15497194305977,36047
851,2017-07-06,187,1.22082652159353,36047
852,2017-07-07,188,1.26745515870151,36047
169,2017-07-08,189,1.49793922069483,36047
853,2017-07-09,190,1.47339647120622,36047
854,2017-07-10,191,1.46934934889909,36047
170,2017-07-11,192,1.36333694934406,36047
171,2017-07-12,193,1.42500726546321,36047
172,2017-07-13,194,1.3624331587893,36047
855,2017-07-14,195,1.23475758906528,36047
173,2017-07-15,196,1.31294795739343,36047
856,2017-07-16,197,1.25622584224936,36047
857,2017-07-17,198,1.26662898784268,36047
858,2017-07-18,199,1.40547262366282,36047
859,2017-07-19,200,1.43394537313691,36047
860,2017-07-20,201,1.34879320751148,36047
174,2017-07-21,202,1.33642735589425,36047
175,2017-07-22,203,1.33226810355365,36047
861,2017-07-23,204,1.52569878558843,36047
862,2017-07-24,205,1.56969327214977,36047
176,2017-07-25,206,1.20195202721101,36047
177,2017-07-26,207,0.993009238366466,36047
863,2017-07-27,208,0.925113938848327,36047
178,2017-07-28,209,0.796287855981343,36047
864,2017-07-29,210,0.756205413203654,36047
179,2017-07-30,211,1.01775612723733,36047
865,2017-07-31,212,0.873131038495405,36047
180,2017-08-01,213,0.964247208557818,36047
181,2017-08-02,214,1.03482118069157,36047
182,2017-08-03,215,1.23250453306476,36047
183,2017-08-04,216,1.34107342965322,36047
184,2017-08-05,217,1.31655685287315,36047
866,2017-08-06,218,1.29348684926571,36047
867,2017-08-07,219,1.31356092988198,36047
868,2017-08-08,220,1.20339405416291,36047
869,2017-08-09,221,1.17405774793932,36047
185,2017-08-10,222,1.15954321820442,36047
186,2017-08-11,223,1.02844558769484,36047
187,2017-08-12,224,0.848658509489995,36047
188,2017-08-13,225,0.773445426341638,36047
189,2017-08-14,226,0.830189512678364,36047
870,2017-08-15,227,0.809229074852902,36047
871,2017-08-16,228,0.774061016481974,36047
872,2017-08-17,229,0.786298519840077,36047
190,2017-08-18,230,1.12956108677242,36047
873,2017-08-19,231,1.07251359595122,36047
191,2017-08-20,232,0.998125296261436,36047
192,2017-08-21,233,0.939865930709626,36047
193,2017-08-22,234,0.835708041067579,36047
194,2017-08-23,235,0.891077475035797,36047
874,2017-08-24,236,1.01343292171092,36047
875,2017-08-25,237,0.733473280491641,36047
195,2017-08-26,238,0.723274865085936,36047
196,2017-08-27,239,0.757867216298648,36047
876,2017-08-28,240,0.843804336773252,36047
197,2017-08-29,241,0.908823916667111,36047
877,2017-08-30,242,0.732521878015548,36047
878,2017-08-31,243,0.698010769710763,36047
198,2017-09-01,244,0.675125339445254,36047
879,2017-09-02,245,0.762965100798738,36047
199,2017-09-03,246,0.786103151736394,36047
880,2017-09-04,247,0.729652004101245,36047
200,2017-09-05,248,0.877001298434764,36047
201,2017-09-06,249,0.936285031405137,36047
202,2017-09-07,250,0.874527830176123,36047
881,2017-09-08,251,0.897304374113915,36047
882,2017-09-09,252,0.842218515768663,36047
883,2017-09-10,253,0.840010190768444,36047
884,2017-09-11,254,0.686202399784337,36047
203,2017-09-12,255,0.611827676066812,36047
204,2017-09-13,256,0.6034684897901,36047
885,2017-09-14,257,0.651040250843058,36047
205,2017-09-15,258,1.03856895403177,36047
886,2017-09-16,259,1.27949885619002,36047
206,2017-09-17,260,1.2203481551322,36047
207,2017-09-18,261,1.46134525179962,36047
208,2017-09-19,262,1.668513579309,36047
209,2017-09-20,263,1.65831174077119,36047
887,2017-09-21,264,1.60616076800753,36047
210,2017-09-22,265,1.69858105133088,36047
211,2017-09-23,266,1.18444201111935,36047
888,2017-09-24,267,0.911875041388642,36047
889,2017-09-25,268,1.09509818848259,36047
212,2017-09-26,269,1.16488125157379,36047
213,2017-09-27,270,1.45519310738321,36047
890,2017-09-28,271,1.4652368501805,36047
891,2017-09-29,272,1.4414107533248,36047
892,2017-09-30,273,1.19329102347891,36047
893,2017-10-01,274,1.26586424327955,36047
894,2017-10-02,275,1.3507480575851,36047
895,2017-10-03,276,1.33758368342612,36047
214,2017-10-04,277,1.17542444127847,36047
215,2017-10-05,278,1.01587490870302,36047
216,2017-10-06,279,0.930051553187224,36047
217,2017-10-07,280,0.910452634473536,36047
218,2017-10-08,281,1.0199728844254,36047
219,2017-10-09,282,0.975992389505151,36047
220,2017-10-10,283,0.956998462214112,36047
896,2017-10-11,284,1.03460003933854,36047
221,2017-10-12,285,1.00872316740219,36047
897,2017-10-13,286,1.01194083244492,36047
222,2017-10-14,287,1.00136966705737,36047
898,2017-10-15,288,1.00366019728767,36047
223,2017-10-16,289,1.07933198208094,36047
224,2017-10-17,290,1.14794200413896,36047
225,2017-10-18,291,1.08191561780483,36047
226,2017-10-19,292,1.25443937987007,36047
227,2017-10-20,293,1.37278595358957,36047
228,2017-10-21,294,1.34713271144586,36047
899,2017-10-22,295,1.63165170741419,36047
229,2017-10-23,296,1.88809648562432,36047
230,2017-10-24,297,1.74758001831668,36047
900,2017-10-25,298,1.72837166991886,36047
901,2017-10-26,299,1.48523556901259,36047
902,2017-10-27,300,1.49309119194091,36047
231,2017-10-28,301,1.27812209716303,36047
232,2017-10-29,302,1.43444846211739,36047
233,2017-10-30,303,0.946416449603634,36047
234,2017-10-31,304,1.03768586457385,36047
235,2017-11-01,305,1.00678273378136,36047
903,2017-11-02,306,0.903537248084755,36047
236,2017-11-03,307,0.929933929633185,36047
237,2017-11-04,308,0.996113831558884,36047
238,2017-11-05,309,1.34785000934713,36047
239,2017-11-06,310,1.48104098189223,36047
240,2017-11-07,311,1.64394772658269,36047
241,2017-11-08,312,1.85382891477752,36047
242,2017-11-09,313,1.82565746684241,36047
904,2017-11-10,314,1.8465795130123,36047
243,2017-11-11,315,1.71955936019662,36047
905,2017-11-12,316,1.75585821045967,36047
244,2017-11-13,317,1.64411343707086,36047
245,2017-11-14,318,1.18379346385626,36047
246,2017-11-15,319,1.20085882428165,36047
906,2017-11-16,320,1.29791285070797,36047
247,2017-11-17,321,1.24621119667381,36047
248,2017-11-18,322,1.25438688034164,36047
249,2017-11-19,323,1.27073048600743,36047
250,2017-11-20,324,1.19023277407876,36047
907,2017-11-21,325,1.1589634474498,36047
251,2017-11-22,326,1.21630154816942,36047
252,2017-11-23,327,1.07563400173541,36047
253,2017-11-24,328,1.20839048646063,36047
254,2017-11-25,329,1.36022867882596,36047
255,2017-11-26,330,1.35771042477184,36047
908,2017-11-27,331,1.26366813527402,36047
256,2017-11-28,332,1.33903134588855,36047
257,2017-11-29,333,1.58035319847029,36047
909,2017-11-30,334,1.758914172426,36047
910,2017-12-01,335,1.80623353000733,36047
258,2017-12-02,336,1.80665735180914,36047
911,2017-12-03,337,1.70313344494808,36047
912,2017-12-04,338,1.7312155048168,36047
913,2017-12-05,339,2.16382571698922,36047
259,2017-12-06,340,2.09727039205065,36047
260,2017-12-07,341,2.03673363137961,36047
914,2017-12-08,342,1.83548760693836,36047
915,2017-12-09,343,1.77607130456541,36047
261,2017-12-10,344,1.65544827479275,36047
916,2017-12-11,345,1.90052907043923,36047
262,2017-12-12,346,1.87395681009868,36047
917,2017-12-13,347,1.6879815106736,36047
263,2017-12-14,348,1.6079929150406,36047
918,2017-12-15,349,1.64061281261319,36047
264,2017-12-16,350,1.7061558301905,36047
919,2017-12-17,351,1.89542551539356,36047
920,2017-12-18,352,2.21093319778539,36047
921,2017-12-19,353,2.08717692734256,36047
922,2017-12-20,354,2.01241617774884,36047
923,2017-12-21,355,2.26708706590124,36047
265,2017-12-22,356,2.20401682010253,36047
924,2017-12-23,357,2.50786072681836,36047
266,2017-12-24,358,2.51619406894067,36047
925,2017-12-25,359,2.69596103032461,36047
267,2017-12-26,360,2.70779941451385,36047
268,2017-12-27,361,2.5056840780299,36047
269,2017-12-28,362,2.73433881831527,36047
270,2017-12-29,363,2.69794562316989,36047
926,2017-12-30,364,2.56258882311598,36047
271,2017-12-31,365,2.36070889112967,36047
927,2018-01-01,1,2.43246840949884,36047
928,2018-01-02,2,2.58765722194131,36047
929,2018-01-03,3,2.61154152866072,36047
930,2018-01-04,4,2.64751215562108,36047
931,2018-01-05,5,2.81433930218488,36047
272,2018-01-06,6,2.7801696872588,36047
273,2018-01-07,7,3.06819234517538,36047
932,2018-01-08,8,3.66120612866809,36047
274,2018-01-09,9,3.60577943739107,36047
933,2018-01-10,10,3.44060022150516,36047
275,2018-01-11,11,3.42564787659813,36047
276,2018-01-12,12,3.43143393378646,36047
934,2018-01-13,13,3.41853443173358,36047
935,2018-01-14,14,3.58035713604487,36047
936,2018-01-15,15,3.5808089954602,36047
937,2018-01-16,16,3.52646651367755,36047
938,2018-01-17,17,3.31551338640401,36047
939,2018-01-18,18,3.4047257199531,36047
940,2018-01-19,19,3.94724268319292,36047
941,2018-01-20,20,4.51416044508095,36047
942,2018-01-21,21,4.77219334128895,36047
943,2018-01-22,22,4.98446397075446,36047
944,2018-01-23,23,4.97603120444077,36047
945,2018-01-24,24,5.00557018926221,36047
946,2018-01-25,25,5.04642028971822,36047
947,2018-01-26,26,5.13824566059577,36047
277,2018-01-27,27,5.2099180459745,36047
948,2018-01-28,28,5.1458473858675,36047
949,2018-01-29,29,5.14522764150923,36047
278,2018-01-30,30,5.23754407345651,36047
279,2018-01-31,31,5.38630812969185,36047
280,2018-02-01,32,5.4605427185517,36047
281,2018-02-02,33,5.96880408837733,36047
282,2018-02-03,34,5.92826224320556,36047
283,2018-02-04,35,6.31825441859318,36047
950,2018-02-05,36,6.46265372227326,36047
284,2018-02-06,37,6.78259073907295,36047
285,2018-02-07,38,7.02505606461495,36047
286,2018-02-08,39,7.1512762214684,36047
287,2018-02-09,40,7.17082378084883,36047
951,2018-02-10,41,7.32905185124568,36047
952,2018-02-11,42,7.54935661007023,36047
953,2018-02-12,43,7.83729780700115,36047
288,2018-02-13,44,7.90645209499259,36047
289,2018-02-14,45,7.84271092371837,36047
290,2018-02-15,46,7.48689812355342,36047
291,2018-02-16,47,7.1730479511681,36047
292,2018-02-17,48,7.63444715114083,36047
954,2018-02-18,49,7.55234078878906,36047
955,2018-02-19,50,7.61784927956523,36047
293,2018-02-20,51,7.40040563270123,36047
294,2018-02-21,52,6.93169627020587,36047
295,2018-02-22,53,6.83988958804817,36047
296,2018-02-23,54,6.0927123910701,36047
297,2018-02-24,55,5.46952108338591,36047
298,2018-02-25,56,5.27053267619306,36047
299,2018-02-26,57,4.80517963382428,36047
300,2018-02-27,58,4.28247816388699,36047
956,2018-02-28,59,4.21578091885446,36047
301,2018-03-01,60,3.47768005286566,36047
957,2018-03-02,61,3.03055199468119,36047
958,2018-03-03,62,3.12919051792506,36047
959,2018-03-04,63,3.08995583650779,36047
960,2018-03-05,64,2.91510768389766,36047
961,2018-03-06,65,2.56725437489167,36047
962,2018-03-07,66,2.35977911430019,36047
963,2018-03-08,67,2.42687006805279,36047
964,2018-03-09,68,2.06592019115315,36047
302,2018-03-10,69,2.3396009675045,36047
303,2018-03-11,70,2.25681355363144,36047
965,2018-03-12,71,2.24904261039744,36047
966,2018-03-13,72,2.29501299001632,36047
304,2018-03-14,73,2.2182793603579,36047
305,2018-03-15,74,2.19952969074247,36047
306,2018-03-16,75,1.99595198609195,36047
307,2018-03-17,76,1.89203734355321,36047
308,2018-03-18,77,1.9439351807032,36047
967,2018-03-19,78,2.10641244336571,36047
968,2018-03-20,79,1.7070511747473,36047
309,2018-03-21,80,1.71604900312642,36047
310,2018-03-22,81,1.71247785419259,36047
311,2018-03-23,82,1.6799410926507,36047
969,2018-03-24,83,1.64582869035111,36047
970,2018-03-25,84,1.63199846703266,36047
312,2018-03-26,85,1.68022715782388,36047
313,2018-03-27,86,1.64087860217017,36047
314,2018-03-28,87,1.70564069169441,36047
315,2018-03-29,88,1.67549104291961,36047
971,2018-03-30,89,1.542568880358,36047
316,2018-03-31,90,1.34864238665999,36047
317,2018-04-01,91,1.20132292865395,36047
318,2018-04-02,92,1.34164601380097,36047
972,2018-04-03,93,1.24932656172791,36047
319,2018-04-04,94,1.30676792819622,36047
973,2018-04-05,95,1.20482876909661,36047
320,2018-04-06,96,1.06901179293708,36047
321,2018-04-07,97,1.0405273502782,36047
974,2018-04-08,98,1.02195522543485,36047
975,2018-04-09,99,0.992599065746584,36047
976,2018-04-10,100,0.843294745414835,36047
322,2018-04-11,101,0.839963375677194,36047
977,2018-04-12,102,0.740149043239908,36047
978,2018-04-13,103,0.888617681770866,36047
323,2018-04-14,104,0.925528852456992,36047
979,2018-04-15,105,0.991643190399603,36047
324,2018-04-16,106,1.1001709205293,36047
980,2018-04-17,107,1.02872288686722,36047
325,2018-04-18,108,1.2019953043911,36047
981,2018-04-19,109,1.20927320436715,36047
982,2018-04-20,110,1.2013437673314,36047
326,2018-04-21,111,1.16491378453749,36047
327,2018-04-22,112,1.01993341203695,36047
983,2018-04-23,113,1.10854229883796,36047
984,2018-04-24,114,1.19748543204694,36047
328,2018-04-25,115,1.13609171608243,36047
985,2018-04-26,116,1.19766038970088,36047
329,2018-04-27,117,1.11392094243816,36047
330,2018-04-28,118,1.12594698040996,36047
986,2018-04-29,119,1.1085279947493,36047
987,2018-04-30,120,1.20216033601867,36047
331,2018-05-01,121,1.04543264510725,36047
332,2018-05-02,122,1.0132399676227,36047
988,2018-05-03,123,1.19204634702136,36047
333,2018-05-04,124,1.25213889515083,36047
334,2018-05-05,125,1.39338157444452,36047
989,2018-05-06,126,1.62418985530109,36047
990,2018-05-07,127,1.68446286527344,36047
335,2018-05-08,128,1.71274493281294,36047
991,2018-05-09,129,1.78667358153853,36047
992,2018-05-10,130,1.69028246354143,36047
993,2018-05-11,131,1.56854018272345,36047
336,2018-05-12,132,1.16457926449285,36047
337,2018-05-13,133,1.08041939650855,36047
994,2018-05-14,134,0.861327523691788,36047
995,2018-05-15,135,0.848445187626229,36047
996,2018-05-16,136,0.912995540528118,36047
997,2018-05-17,137,0.923748664245847,36047
338,2018-05-18,138,0.821375554234859,36047
339,2018-05-19,139,0.760000825012021,36047
340,2018-05-20,140,1.05537803838288,36047
341,2018-05-21,141,0.889346870148294,36047
342,2018-05-22,142,0.888204279442292,36047
343,2018-05-23,143,0.960199703196137,36047
344,2018-05-24,144,0.801815342993304,36047
345,2018-05-25,145,1.0850642432907,36047
346,2018-05-26,146,1.01772539564293,36047
998,2018-05-27,147,1.26931206834497,36047
347,2018-05-28,148,1.2461885874375,36047
348,2018-05-29,149,1.32941147403125,36047
349,2018-05-30,150,1.56047264423156,36047
350,2018-05-31,151,1.56971866996202,36047
351,2018-06-01,152,1.52961516102973,36047
999,2018-06-02,153,1.35922812291372,36047
352,2018-06-03,154,1.4328113094575,36047
353,2018-06-04,155,1.4749925181357,36047
354,2018-06-05,156,1.52489252516795,36047
1000,2018-06-06,157,1.26406536136171,36047
355,2018-06-07,158,1.10045021816966,36047
1001,2018-06-08,159,0.986616144830707,36047
1002,2018-06-09,160,1.15525140705956,36047
1003,2018-06-10,161,1.15204889446465,36047
356,2018-06-11,162,1.12924505049648,36047
357,2018-06-12,163,0.930020392145546,36047
358,2018-06-13,164,0.952458277613546,36047
359,2018-06-14,165,0.945040514725303,36047
360,2018-06-15,166,0.811867825958787,36047
361,2018-06-16,167,1.00058148650109,36047
1004,2018-06-17,168,0.922069358691547,36047
362,2018-06-18,169,0.925143714618775,36047
363,2018-06-19,170,0.903836126721383,36047
1005,2018-06-20,171,0.959170479438662,36047
364,2018-06-21,172,1.21542319180331,36047
365,2018-06-22,173,1.10058928699753,36047
366,2018-06-23,174,1.12140556901266,36047
367,2018-06-24,175,1.18779625695711,36047
368,2018-06-25,176,0.967166960133665,36047
1006,2018-06-26,177,0.972438009764002,36047
1007,2018-06-27,178,1.20605050195592,36047
1008,2018-06-28,179,1.01598842146243,36047
1009,2018-06-29,180,0.565693358135191,36047
1010,2018-06-30,181,0.793773144505947,36047
1011,2018-07-01,182,0.640641306848827,36047
369,2018-07-02,183,0.623872536057352,36047
370,2018-07-03,184,0.763594746434041,36047
1012,2018-07-04,185,0.577031592977216,36047
1013,2018-07-05,186,0.514869875570918,36047
1014,2018-07-06,187,0.501758449302471,36047
1015,2018-07-07,188,0.573346207223334,36047
371,2018-07-08,189,0.508302350231814,36047
1016,2018-07-09,190,0.611490307079935,36047
372,2018-07-10,191,0.727586514173129,36047
373,2018-07-11,192,0.708715421453758,36047
374,2018-07-12,193,0.703663123692348,36047
375,2018-07-13,194,0.759990456490211,36047
376,2018-07-14,195,0.803152786318023,36047
1017,2018-07-15,196,1.00519863071536,36047
1018,2018-07-16,197,0.944257288607622,36047
1019,2018-07-17,198,0.829012196933927,36047
377,2018-07-18,199,0.771700307876949,36047
378,2018-07-19,200,0.780156539216256,36047
379,2018-07-20,201,0.785138936438005,36047
1020,2018-07-21,202,0.80256508104774,36047
1021,2018-07-22,203,1.06756604391261,36047
380,2018-07-23,204,1.19235939873736,36047
381,2018-07-24,205,1.02065732253296,36047
1022,2018-07-25,206,1.07208025175862,36047
1023,2018-07-26,207,1.18883529875255,36047
382,2018-07-27,208,1.10949752398517,36047
1024,2018-07-28,209,1.29995994152816,36047
1025,2018-07-29,210,1.33621696025662,36047
1026,2018-07-30,211,1.33548268431534,36047
383,2018-07-31,212,1.3657652469712,36047
384,2018-08-01,213,1.17057355912758,36047
1027,2018-08-02,214,0.962149756649791,36047
1028,2018-08-03,215,0.952359351884205,36047
1029,2018-08-04,216,0.729791089072157,36047
385,2018-08-05,217,0.858421328613271,36047
1030,2018-08-06,218,1.05001820908741,36047
386,2018-08-07,219,1.05917543750013,36047
1031,2018-08-08,220,1.10071567497548,36047
387,2018-08-09,221,0.950468185537851,36047
1032,2018-08-10,222,0.97055368874717,36047
1033,2018-08-11,223,1.14029388531434,36047
388,2018-08-12,224,1.31595972655153,36047
1034,2018-08-13,225,1.37732872970212,36047
1035,2018-08-14,226,1.13494865671407,36047
1036,2018-08-15,227,1.20555774826846,36047
389,2018-08-16,228,1.12114264924632,36047
1037,2018-08-17,229,0.931421725292306,36047
1038,2018-08-18,230,0.8990644666223,36047
390,2018-08-19,231,0.945265195878488,36047
1039,2018-08-20,232,0.69177741021315,36047
391,2018-08-21,233,0.784056741075038,36047
392,2018-08-22,234,0.784910714103588,36047
1040,2018-08-23,235,0.712400944004269,36047
1041,2018-08-24,236,0.873993246005298,36047
1042,2018-08-25,237,0.949726647326192,36047
393,2018-08-26,238,0.795210144630459,36047
394,2018-08-27,239,0.928600822255517,36047
1043,2018-08-28,240,0.88449120187836,36047
1044,2018-08-29,241,0.698780518926332,36047
1045,2018-08-30,242,0.755782337595846,36047
1046,2018-08-31,243,0.664077165090728,36047
395,2018-09-01,244,0.587950446920222,36047
396,2018-09-02,245,0.570632223182069,36047
397,2018-09-03,246,0.526796075456897,36047
398,2018-09-04,247,0.440563455190895,36047
399,2018-09-05,248,0.65058958921161,36047
1047,2018-09-06,249,0.92155507033704,36047
1048,2018-09-07,250,1.08148467823886,36047
400,2018-09-08,251,1.08250062666353,36047
401,2018-09-09,252,1.04209941034,36047
402,2018-09-10,253,1.29347146201467,36047
1049,2018-09-11,254,1.09958753499321,36047
403,2018-09-12,255,1.15999598471521,36047
404,2018-09-13,256,1.17243125503054,36047
1050,2018-09-14,257,1.02279671963889,36047
405,2018-09-15,258,1.08125517973496,36047
1051,2018-09-16,259,1.33212655292364,36047
1052,2018-09-17,260,1.71177125651401,36047
406,2018-09-18,261,1.82540568487046,36047
407,2018-09-19,262,1.86016065442761,36047
1053,2018-09-20,263,1.81274024648431,36047
408,2018-09-21,264,1.97240899107728,36047
1054,2018-09-22,265,1.86688966911319,36047
1055,2018-09-23,266,1.82327322673372,36047
1056,2018-09-24,267,1.81647757727066,36047
1057,2018-09-25,268,1.59286973679123,36047
409,2018-09-26,269,1.60258467642092,36047
1058,2018-09-27,270,1.76961557132407,36047
410,2018-09-28,271,1.7992652527731,36047
1059,2018-09-29,272,1.75562330501713,36047
411,2018-09-30,273,1.85791583559501,36047
1060,2018-10-01,274,2.00738224909659,36047
1061,2018-10-02,275,2.26668883383689,36047
1062,2018-10-03,276,2.23651429816718,36047
412,2018-10-04,277,2.20268371301625,36047
413,2018-10-05,278,2.15052207830509,36047
414,2018-10-06,279,2.17799699284433,36047
415,2018-10-07,280,1.99467598668412,36047
416,2018-10-08,281,2.36219295126987,36047
417,2018-10-09,282,2.13921269272421,36047
1063,2018-10-10,283,1.94616698575407,36047
418,2018-10-11,284,2.03055477303653,36047
1064,2018-10-12,285,1.87527597602399,36047
419,2018-10-13,286,2.06237199750861,36047
420,2018-10-14,287,2.28724880937626,36047
1065,2018-10-15,288,2.2652059522282,36047
1066,2018-10-16,289,1.94859933357329,36047
1067,2018-10-17,290,1.9904663901444,36047
1068,2018-10-18,291,1.90406258237545,36047
421,2018-10-19,292,1.83562517439263,36047
1069,2018-10-20,293,1.94296308034869,36047
422,2018-10-21,294,1.40062552874632,36047
423,2018-10-22,295,1.08937184733521,36047
1070,2018-10-23,296,1.31919829233085,36047
424,2018-10-24,297,1.33193836527995,36047
1071,2018-10-25,298,1.14028592463168,36047
425,2018-10-26,299,1.23753826360541,36047
426,2018-10-27,300,1.44081589204989,36047
427,2018-10-28,301,1.54500701217803,36047
428,2018-10-29,302,1.59077473744776,36047
1072,2018-10-30,303,1.68271753285042,36047
1073,2018-10-31,304,1.7330220967042,36047
1074,2018-11-01,305,1.79595335639989,36047
1075,2018-11-02,306,1.81266374704302,36047
1076,2018-11-03,307,1.86684287633905,36047
429,2018-11-04,308,1.78507239117317,36047
430,2018-11-05,309,1.75067925155607,36047
431,2018-11-06,310,1.65795161630492,36047
1077,2018-11-07,311,1.58645672801733,36047
1078,2018-11-08,312,1.59449014512593,36047
1079,2018-11-09,313,1.41155148030784,36047
1080,2018-11-10,314,1.49604419253043,36047
432,2018-11-11,315,1.5320331372831,36047
433,2018-11-12,316,1.60629202127329,36047
434,2018-11-13,317,1.44449774921507,36047
435,2018-11-14,318,1.32962962270305,36047
1081,2018-11-15,319,1.36584103994811,36047
436,2018-11-16,320,1.33337937510872,36047
437,2018-11-17,321,1.26965667838617,36047
438,2018-11-18,322,1.1376108301889,36047
1082,2018-11-19,323,1.1800121080884,36047
439,2018-11-20,324,1.2680386762491,36047
1083,2018-11-21,325,1.40301035754718,36047
1084,2018-11-22,326,1.57863539971523,36047
1085,2018-11-23,327,1.75167455872452,36047
1086,2018-11-24,328,1.74605143936944,36047
1087,2018-11-25,329,2.24067292509293,36047
440,2018-11-26,330,2.26887877017803,36047
1088,2018-11-27,331,2.57395685204731,36047
441,2018-11-28,332,2.76674476187679,36047
442,2018-11-29,333,2.89990809089419,36047
1089,2018-11-30,334,2.99528265250354,36047
443,2018-12-01,335,3.0595728713687,36047
1090,2018-12-02,336,2.79935056187621,36047
1091,2018-12-03,337,2.3966560887759,36047
1092,2018-12-04,338,2.57793419778102,36047
444,2018-12-05,339,2.56948555753153,36047
1093,2018-12-06,340,2.55864212824646,36047
1094,2018-12-07,341,2.86151135093606,36047
445,2018-12-08,342,2.90025979797758,36047
446,2018-12-09,343,3.08156768216126,36047
1095,2018-12-10,344,3.48280113430727,36047
1096,2018-12-11,345,3.80893150240112,36047
447,2018-12-12,346,3.7320527482732,36047
448,2018-12-13,347,3.7574245177447,36047
1097,2018-12-14,348,3.72718537892187,36047
1098,2018-12-15,349,3.53705849099804,36047
1099,2018-12-16,350,3.55900395819905,36047
1100,2018-12-17,351,3.80345343896896,36047
1101,2018-12-18,352,3.74214534108433,36047
449,2018-12-19,353,3.40917826125266,36047
450,2018-12-20,354,3.22844182652424,36047
1102,2018-12-21,355,3.53728426977826,36047
1103,2018-12-22,356,4.00258853628272,36047
1104,2018-12-23,357,4.32133884754531,36047
451,2018-12-24,358,4.55467415230473,36047
452,2018-12-25,359,4.34529624954368,36047
1105,2018-12-26,360,4.61906002112787,36047
1106,2018-12-27,361,4.68988884343434,36047
453,2018-12-28,362,4.67419684639331,36047
454,2018-12-29,363,4.48784319328031,36047
1107,2018-12-30,364,4.3686819780226,36047
1108,2018-12-31,365,4.05800672072192,36047
1109,2019-01-01,1,3.92700402259725,36047
1110,2019-01-02,2,3.77796523694817,36047
1111,2019-01-03,3,3.84930783525641,36047
1112,2019-01-04,4,3.73679651122467,36047
1113,2019-01-05,5,3.54848469431598,36047
1114,2019-01-06,6,3.56078658238488,36047
455,2019-01-07,7,3.49409624932594,36047
456,2019-01-08,8,3.62520028434938,36047
1115,2019-01-09,9,3.77094943303311,36047
1116,2019-01-10,10,3.74803648437058,36047
457,2019-01-11,11,3.6259997461912,36047
458,2019-01-12,12,3.78635316394247,36047
459,2019-01-13,13,3.92727540044977,36047
1117,2019-01-14,14,3.80368254265888,36047
1118,2019-01-15,15,3.94734767802554,36047
460,2019-01-16,16,4.18513029102311,36047
1119,2019-01-17,17,3.96036099870372,36047
461,2019-01-18,18,4.270056403736,36047
462,2019-01-19,19,4.67783007496109,36047
1120,2019-01-20,20,5.08676763162324,36047
1121,2019-01-21,21,5.45902481478904,36047
1122,2019-01-22,22,5.58336564374977,36047
463,2019-01-23,23,5.46744674771188,36047
464,2019-01-24,24,5.68724804345722,36047
1123,2019-01-25,25,5.95558247855234,36047
1124,2019-01-26,26,6.10345570054652,36047
465,2019-01-27,27,6.72701091577795,36047
1125,2019-01-28,28,6.47343642142114,36047
466,2019-01-29,29,6.62792788547542,36047
467,2019-01-30,30,6.425246187542,36047
468,2019-01-31,31,6.44627317092608,36047
469,2019-02-01,32,6.4918293823122,36047
470,2019-02-02,33,6.46077109891823,36047
471,2019-02-03,34,6.27503928813526,36047
472,2019-02-04,35,6.51249263747375,36047
1126,2019-02-05,36,6.66386328264312,36047
1127,2019-02-06,37,6.77852719958149,36047
473,2019-02-07,38,6.77326990431628,36047
474,2019-02-08,39,6.75075940180779,36047
475,2019-02-09,40,6.73521533838065,36047
1128,2019-02-10,41,6.69445650388086,36047
476,2019-02-11,42,6.83685987641894,36047
1129,2019-02-12,43,6.69294143535836,36047
477,2019-02-13,44,5.90976150684266,36047
1130,2019-02-14,45,5.47910032998981,36047
1131,2019-02-15,46,5.26365013130609,36047
478,2019-02-16,47,5.49254192239221,36047
1132,2019-02-17,48,5.46126103311382,36047
479,2019-02-18,49,5.51748483402039,36047
1133,2019-02-19,50,5.51169130648633,36047
1134,2019-02-20,51,5.3666802711295,36047
1135,2019-02-21,52,5.54656716232034,36047
1136,2019-02-22,53,5.40812476963467,36047
1137,2019-02-23,54,5.53757213129429,36047
1138,2019-02-24,55,5.50883392338896,36047
1139,2019-02-25,56,5.69344669128585,36047
1140,2019-02-26,57,5.47836282131706,36047
480,2019-02-27,58,5.73922899610527,36047
481,2019-02-28,59,5.67336201590274,36047
1141,2019-03-01,60,5.64927102213382,36047
1142,2019-03-02,61,5.47471094342453,36047
1143,2019-03-03,62,5.61519929399634,36047
482,2019-03-04,63,5.37769795852578,36047
483,2019-03-05,64,5.7070626753493,36047
1144,2019-03-06,65,5.65452762196548,36047
1145,2019-03-07,66,5.54362997889602,36047
1146,2019-03-08,67,5.23981344062624,36047
1147,2019-03-09,68,5.46263833488561,36047
1148,2019-03-10,69,5.60315667555868,36047
1149,2019-03-11,70,5.33764182951583,36047
1150,2019-03-12,71,5.54604974984158,36047
1151,2019-03-13,72,5.62071961659008,36047
1152,2019-03-14,73,5.57624196863549,36047
1153,2019-03-15,74,5.79428988053799,36047
484,2019-03-16,75,5.52830384701869,36047
1154,2019-03-17,76,5.28631329846126,36047
485,2019-03-18,77,4.80172606104576,36047
486,2019-03-19,78,4.48086364843073,36047
1155,2019-03-20,79,4.32813472782081,36047
1156,2019-03-21,80,4.26760146508819,36047
487,2019-03-22,81,4.21549216613975,36047
488,2019-03-23,82,4.04954321138678,36047
1157,2019-03-24,83,3.95781357314883,36047
1158,2019-03-25,84,3.98428275017572,36047
1159,2019-03-26,85,3.92178498696928,36047
1160,2019-03-27,86,3.27516715544145,36047
1161,2019-03-28,87,3.29762837553487,36047
1162,2019-03-29,88,3.38420868560551,36047
489,2019-03-30,89,3.26348851455101,36047
1163,2019-03-31,90,3.29869525217202,36047
490,2019-04-01,91,3.3870939486191,36047
1164,2019-04-02,92,3.34250445943252,36047
491,2019-04-03,93,3.15747871264663,36047
1165,2019-04-04,94,3.41434925856977,36047
1166,2019-04-05,95,3.25138067987652,36047
1167,2019-04-06,96,3.46090619658148,36047
1168,2019-04-07,97,3.276407617403,36047
492,2019-04-08,98,3.18776529428956,36047
493,2019-04-09,99,3.09636994596865,36047
1169,2019-04-10,100,3.23316248709875,36047
494,2019-04-11,101,3.1048130203044,36047
1170,2019-04-12,102,2.6108975892016,36047
1171,2019-04-13,103,2.80070236093225,36047
495,2019-04-14,104,2.78116866276075,36047
496,2019-04-15,105,2.62519843968962,36047
1172,2019-04-16,106,2.60879508819082,36047
1173,2019-04-17,107,2.60146355313307,36047
1174,2019-04-18,108,2.43343368340371,36047
497,2019-04-19,109,2.4348949890453,36047
498,2019-04-20,110,2.80673341441042,36047
499,2019-04-21,111,2.76132627268784,36047
500,2019-04-22,112,2.798707512204,36047
501,2019-04-23,113,2.59085492477455,36047
502,2019-04-24,114,2.49300141687308,36047
1175,2019-04-25,115,2.17390067301569,36047
503,2019-04-26,116,1.99609576039537,36047
504,2019-04-27,117,1.94281597166586,36047
505,2019-04-28,118,1.77322069840467,36047
506,2019-04-29,119,1.55658623239433,36047
507,2019-04-30,120,1.33403788815696,36047
1176,2019-05-01,121,1.46843479217205,36047
1177,2019-05-02,122,1.48646534420581,36047
508,2019-05-03,123,1.53638197935748,36047
509,2019-05-04,124,1.6126753766222,36047
1178,2019-05-05,125,1.92064432515254,36047
1179,2019-05-06,126,2.101092180346,36047
510,2019-05-07,127,2.26056011352545,36047
1180,2019-05-08,128,2.40097160273586,36047
511,2019-05-09,129,2.23988852544008,36047
1181,2019-05-10,130,2.16883011465596,36047
512,2019-05-11,131,2.06401053724993,36047
513,2019-05-12,132,2.18040842764522,36047
1182,2019-05-13,133,1.89153393339153,36047
1183,2019-05-14,134,1.75428539160162,36047
1184,2019-05-15,135,1.7385656918496,36047
514,2019-05-16,136,1.95536798932214,36047
1185,2019-05-17,137,2.02007242875381,36047
1186,2019-05-18,138,1.97886114670947,36047
515,2019-05-19,139,2.05462231837127,36047
1187,2019-05-20,140,2.03842002444728,36047
516,2019-05-21,141,2.19998383097742,36047
517,2019-05-22,142,2.18155210326374,36047
518,2019-05-23,143,2.16676142563054,36047
519,2019-05-24,144,2.10303427504877,36047
1188,2019-05-25,145,2.18570581775799,36047
520,2019-05-26,146,2.20634595468162,36047
521,2019-05-27,147,2.24400609230658,36047
1189,2019-05-28,148,2.18879958705182,36047
522,2019-05-29,149,2.05904809164355,36047
523,2019-05-30,150,2.01777317059664,36047
1190,2019-05-31,151,1.63830858769429,36047
524,2019-06-01,152,1.82080441111082,36047
1191,2019-06-02,153,1.7693390315621,36047
525,2019-06-03,154,1.89000554023429,36047
526,2019-06-04,155,1.64187073284701,36047
527,2019-06-05,156,1.76490382043498,36047
528,2019-06-06,157,1.64962163874996,36047
529,2019-06-07,158,1.85450341314119,36047
1192,2019-06-08,159,1.90224929703797,36047
1193,2019-06-09,160,2.00859621277002,36047
1194,2019-06-10,161,1.83237357075575,36047
530,2019-06-11,162,1.63938316702883,36047
531,2019-06-12,163,2.09921262353403,36047
1195,2019-06-13,164,2.14952238815067,36047
1196,2019-06-14,165,2.15777646317041,36047
1197,2019-06-15,166,2.17158227144245,36047
532,2019-06-16,167,2.11003426806408,36047
533,2019-06-17,168,1.99272255467171,36047
1198,2019-06-18,169,2.08836240911427,36047
1199,2019-06-19,170,2.13427006472345,36047
1200,2019-06-20,171,1.67335516505236,36047
1201,2019-06-21,172,1.5471396668334,36047
534,2019-06-22,173,1.52207939148067,36047
535,2019-06-23,174,1.78959699087574,36047
536,2019-06-24,175,1.85889240572925,36047
1202,2019-06-25,176,1.92887548287451,36047
537,2019-06-26,177,2.06376408755639,36047
1203,2019-06-27,178,2.1383406492319,36047
1204,2019-06-28,179,2.08399617153156,36047
538,2019-06-29,180,2.20413209452191,36047
539,2019-06-30,181,2.31295865560262,36047
1205,2019-07-01,182,2.24956763818241,36047
1206,2019-07-02,183,2.06302697231134,36047
1207,2019-07-03,184,1.87429449160746,36047
1208,2019-07-04,185,1.60654762188333,36047
1209,2019-07-05,186,1.58319253182582,36047
1210,2019-07-06,187,1.67494779673159,36047
1211,2019-07-07,188,1.76723665727185,36047
1212,2019-07-08,189,1.68180415262993,36047
540,2019-07-09,190,1.45101093633185,36047
1213,2019-07-10,191,1.54973508519727,36047
541,2019-07-11,192,1.53205309259309,36047
542,2019-07-12,193,1.65950472017765,36047
543,2019-07-13,194,1.36186397023913,36047
544,2019-07-14,195,1.52891493451598,36047
545,2019-07-15,196,1.37456919476917,36047
546,2019-07-16,197,1.42644742549515,36047
547,2019-07-17,198,1.45267228488432,36047
548,2019-07-18,199,1.41176513006409,36047
1214,2019-07-19,200,1.54281681267341,36047
549,2019-07-20,201,1.48836379050044,36047
550,2019-07-21,202,1.29642816315253,36047
551,2019-07-22,203,1.27057008195572,36047
1215,2019-07-23,204,1.34153315939005,36047
1216,2019-07-24,205,1.53765651307177,36047
1217,2019-07-25,206,1.47776425304393,36047
552,2019-07-26,207,1.45229284478541,36047
1218,2019-07-27,208,1.41263803609906,36047
553,2019-07-28,209,1.35916620116475,36047
554,2019-07-29,210,1.3033191636097,36047
555,2019-07-30,211,1.18552430264703,36047
556,2019-07-31,212,1.46901654763419,36047
1219,2019-08-01,213,1.39994272153933,36047
1220,2019-08-02,214,1.37521031322722,36047
557,2019-08-03,215,1.36074061935427,36047
1221,2019-08-04,216,1.34926515493675,36047
1222,2019-08-05,217,1.39751610257066,36047
1223,2019-08-06,218,1.4295008821798,36047
558,2019-08-07,219,1.5446414412822,36047
1224,2019-08-08,220,1.31283705599551,36047
559,2019-08-09,221,1.39662506269195,36047
560,2019-08-10,222,1.17401518425479,36047
561,2019-08-11,223,1.158174675594,36047
562,2019-08-12,224,1.17363850787211,36047
563,2019-08-13,225,1.19168003873441,36047
1225,2019-08-14,226,1.35119031794565,36047
564,2019-08-15,227,1.25435976017019,36047
1226,2019-08-16,228,1.2913387880846,36047
1227,2019-08-17,229,1.33917372232541,36047
565,2019-08-18,230,1.4318995916842,36047
566,2019-08-19,231,1.57475810491942,36047
567,2019-08-20,232,1.48585289707945,36047
568,2019-08-21,233,1.68557207281116,36047
569,2019-08-22,234,1.54048813864766,36047
1228,2019-08-23,235,1.46511891546342,36047
1229,2019-08-24,236,1.67610394053547,36047
1230,2019-08-25,237,1.76458823124422,36047
1231,2019-08-26,238,1.80670121720098,36047
1232,2019-08-27,239,1.53051709627626,36047
570,2019-08-28,240,1.54307897045247,36047
1233,2019-08-29,241,1.55799930338685,36047
1234,2019-08-30,242,1.5019578569522,36047
1235,2019-08-31,243,1.61289644892152,36047
571,2019-09-01,244,1.4373409588691,36047
1236,2019-09-02,245,1.43652239592646,36047
1237,2019-09-03,246,1.17366285462557,36047
572,2019-09-04,247,1.31260534463451,36047
573,2019-09-05,248,1.4495902501572,36047
1238,2019-09-06,249,1.13822149151067,36047
574,2019-09-07,250,1.22297944891846,36047
1239,2019-09-08,251,1.47888845554474,36047
575,2019-09-09,252,1.4482344634132,36047
576,2019-09-10,253,1.5088789431965,36047
1240,2019-09-11,254,1.58085416320132,36047
1241,2019-09-12,255,1.56882938254398,36047
577,2019-09-13,256,1.86940294952693,36047
578,2019-09-14,257,2.03801287365687,36047
579,2019-09-15,258,2.11772829295648,36047
580,2019-09-16,259,2.02310796821062,36047
1242,2019-09-17,260,2.16820880711117,36047
1243,2019-09-18,261,2.34279838619668,36047
581,2019-09-19,262,2.21613686350793,36047
1244,2019-09-20,263,2.10221037813308,36047
1245,2019-09-21,264,1.93223307517391,36047
582,2019-09-22,265,1.70964333491853,36047
1246,2019-09-23,266,1.70382135622998,36047
1247,2019-09-24,267,1.87307174873913,36047
1248,2019-09-25,268,1.75577204625524,36047
583,2019-09-26,269,1.75157775958844,36047
584,2019-09-27,270,1.65774254456071,36047
585,2019-09-28,271,1.77628736951755,36047
1249,2019-09-29,272,1.8761104024409,36047
586,2019-09-30,273,1.87700699284497,36047
1250,2019-10-01,274,1.91871235906745,36047
587,2019-10-02,275,2.12215002375146,36047
588,2019-10-03,276,2.13587650448948,36047
589,2019-10-04,277,2.05293484022295,36047
590,2019-10-05,278,2.09266045026638,36047
1251,2019-10-06,279,2.0742541742399,36047
591,2019-10-07,280,2.0051882005464,36047
1252,2019-10-08,281,1.94573747665164,36047
592,2019-10-09,282,1.91758325564781,36047
593,2019-10-10,283,1.60273190405678,36047
1253,2019-10-11,284,1.48328728255432,36047
1254,2019-10-12,285,1.62937145869348,36047
594,2019-10-13,286,1.5290208072775,36047
595,2019-10-14,287,1.88245125036505,36047
596,2019-10-15,288,1.56661662185398,36047
597,2019-10-16,289,1.51841450962243,36047
1255,2019-10-17,290,1.56179759116669,36047
1256,2019-10-18,291,1.81859584935399,36047
1257,2019-10-19,292,1.88444175972348,36047
1258,2019-10-20,293,1.7603310050462,36047
1259,2019-10-21,294,1.83165368799444,36047
598,2019-10-22,295,1.80715552017017,36047
1260,2019-10-23,296,1.59761598332413,36047
1261,2019-10-24,297,1.61131252783273,36047
1262,2019-10-25,298,1.60277803967807,36047
599,2019-10-26,299,1.76352675684066,36047
600,2019-10-27,300,2.01189127773132,36047
1263,2019-10-28,301,2.15141723485733,36047
1264,2019-10-29,302,2.09343189000718,36047
601,2019-10-30,303,2.1910534747638,36047
1265,2019-10-31,304,2.04314830092399,36047
1266,2019-11-01,305,2.11127931291349,36047
602,2019-11-02,306,2.21785225185938,36047
603,2019-11-03,307,2.2072113278494,36047
1267,2019-11-04,308,1.85329080746996,36047
604,2019-11-05,309,1.91737460076815,36047
605,2019-11-06,310,1.90425264148895,36047
606,2019-11-07,311,2.03148370651965,36047
1268,2019-11-08,312,1.74806128773522,36047
1269,2019-11-09,313,1.87187786772726,36047
1270,2019-11-10,314,2.37968626229855,36047
607,2019-11-11,315,2.37502974297648,36047
608,2019-11-12,316,2.56278391173376,36047
609,2019-11-13,317,2.48185795647598,36047
1271,2019-11-14,318,2.46708874535409,36047
1272,2019-11-15,319,2.52818241669871,36047
1273,2019-11-16,320,2.62961269410273,36047
610,2019-11-17,321,2.48429743010351,36047
611,2019-11-18,322,2.65192604265759,36047
612,2019-11-19,323,2.6245759946387,36047
1274,2019-11-20,324,2.73443356994157,36047
613,2019-11-21,325,3.10901527868868,36047
1275,2019-11-22,326,3.15964395463345,36047
614,2019-11-23,327,3.33550201276816,36047
615,2019-11-24,328,3.1323059977642,36047
616,2019-11-25,329,3.23086054694255,36047
617,2019-11-26,330,2.90900819527239,36047
1276,2019-11-27,331,3.03370756862715,36047
618,2019-11-28,332,2.89663468711579,36047
1277,2019-11-29,333,2.81837344410785,36047
1278,2019-11-30,334,2.65732282294813,36047
619,2019-12-01,335,2.98574326693427,36047
1279,2019-12-02,336,2.99987330616226,36047
1280,2019-12-03,337,3.1816301766884,36047
620,2019-12-04,338,3.11879991935209,36047
621,2019-12-05,339,3.03402655940646,36047
1281,2019-12-06,340,3.1441437510369,36047
1282,2019-12-07,341,2.8803598233838,36047
622,2019-12-08,342,3.03998011989211,36047
1283,2019-12-09,343,3.13713643672745,36047
623,2019-12-10,344,3.31626597696145,36047
624,2019-12-11,345,3.1571743628901,36047
1284,2019-12-12,346,3.0402441820484,36047
1285,2019-12-13,347,3.32451902141326,36047
625,2019-12-14,348,3.31813314055384,36047
1286,2019-12-15,349,3.52398925088146,36047
626,2019-12-16,350,3.7623755115785,36047
1287,2019-12-17,351,3.76874836553597,36047
1288,2019-12-18,352,4.11278848724354,36047
627,2019-12-19,353,4.38155706335777,36047
1289,2019-12-20,354,4.60937453086595,36047
1290,2019-12-21,355,4.54608402341389,36047
628,2019-12-22,356,4.92070199772478,36047
1291,2019-12-23,357,5.28373908843805,36047
629,2019-12-24,358,5.44257867683273,36047
1292,2019-12-25,359,5.79453256246734,36047
630,2019-12-26,360,5.75823755883499,36047
1293,2019-12-27,361,5.61326273019688,36047
631,2019-12-28,362,5.63375176554178,36047
1294,2019-12-29,363,5.94123697037017,36047
632,2019-12-30,364,5.81660353748657,36047
1295,2019-12-31,365,5.55146775438238,36047
633,2020-01-01,1,5.22182763513065,36047
634,2020-01-02,2,5.11679372800312,36047
1296,2020-01-03,3,5.20007468803224,36047
635,2020-01-04,4,5.21207380938113,36047
1297,2020-01-05,5,5.31039743505584,36047
1298,2020-01-06,6,4.98155912047663,36047
1299,2020-01-07,7,5.00551954390666,36047
636,2020-01-08,8,5.25036747840991,36047
637,2020-01-09,9,5.2296536760717,36047
638,2020-01-10,10,5.32457966268177,36047
639,2020-01-11,11,5.21893675381534,36047
1300,2020-01-12,12,5.39988800391818,36047
640,2020-01-13,13,5.51379217393821,36047
1301,2020-01-14,14,5.71569184893119,36047
1302,2020-01-15,15,6.16384206084146,36047
641,2020-01-16,16,6.38994399786311,36047
642,2020-01-17,17,6.62129585607983,36047
643,2020-01-18,18,7.10937403581773,36047
1303,2020-01-19,19,7.29867957242187,36047
1304,2020-01-20,20,7.55521200239639,36047
1305,2020-01-21,21,7.79999848623143,36047
1306,2020-01-22,22,7.84926867699175,36047
644,2020-01-23,23,8.09973329527303,36047
645,2020-01-24,24,8.35133749756887,36047
1307,2020-01-25,25,8.46602827235387,36047
646,2020-01-26,26,9.0660079229158,36047
647,2020-01-27,27,9.45392460901145,36047
1308,2020-01-28,28,9.71817578599178,36047
648,2020-01-29,29,9.60160796499602,36047
1309,2020-01-30,30,9.55106621287537,36047
1310,2020-01-31,31,9.90439441903199,36047
649,2020-02-01,32,10.0198660967928,36047
1311,2020-02-02,33,10.0551843388385,36047
1312,2020-02-03,34,9.76806435029269,36047
650,2020-02-04,35,9.69851432938794,36047
651,2020-02-05,36,9.29504076178017,36047
1313,2020-02-06,37,9.01445069287617,36047
652,2020-02-07,38,8.60520461574833,36047
653,2020-02-08,39,8.42234060156631,36047
654,2020-02-09,40,8.19141749682938,36047
655,2020-02-10,41,7.95722117625887,36047
656,2020-02-11,42,7.76740274082444,36047
657,2020-02-12,43,7.45571602030575,36047
658,2020-02-13,44,7.17439438167456,36047
1314,2020-02-14,45,6.84661980605043,36047
659,2020-02-15,46,6.78143566979787,36047
1315,2020-02-16,47,6.37682206286344,36047
660,2020-02-17,48,6.20791137168649,36047
661,2020-02-18,49,5.95913864432704,36047
662,2020-02-19,50,5.99990384360881,36047
1316,2020-02-20,51,5.45934881748247,36047
663,2020-02-21,52,5.26576802668189,36047
1317,2020-02-22,53,5.59256557968158,36047
1318,2020-02-23,54,5.29020615010485,36047
664,2020-02-24,55,5.3678922574717,36047
1319,2020-02-25,56,5.27371547222283,36047
1320,2020-02-26,57,5.23750025937028,36047
665,2020-02-27,58,5.3121398340283,36047
1321,2020-02-28,59,5.10519812578179,36047
1322,2020-02-29,60,4.81379617049628,36047
666,2020-03-01,61,4.89302358729638,36047
667,2020-03-02,62,4.61226438281858,36047
668,2020-03-03,63,4.68054982425028,36047
669,2020-03-04,64,5.07425432072728,36047
670,2020-03-05,65,4.99373333121617,36047
671,2020-03-06,66,4.77088392591563,36047
672,2020-03-07,67,5.26035634100484,36047
673,2020-03-08,68,5.32986565636925,36047
674,2020-03-09,69,5.29094167855794,36047
675,2020-03-10,70,5.90605476193227,36047
1323,2020-03-11,71,5.80038171724271,36047
1324,2020-03-12,72,5.66196109618714,36047
676,2020-03-13,73,5.71386766791722,36047
1325,2020-03-14,74,6.14389255575582,36047
1326,2020-03-15,75,5.95855357639412,36047
1327,2020-03-16,76,5.96927897947677,36047
1328,2020-03-17,77,5.93832719787665,36047
677,2020-03-18,78,5.69112147215467,36047
678,2020-03-19,79,5.55831027975858,36047
1329,2020-03-20,80,5.59032192142149,36047
1330,2020-03-21,81,5.22601623013067,36047
679,2020-03-22,82,4.93235631462871,36047
680,2020-03-23,83,4.81701891432299,36047
1331,2020-03-24,84,4.45037348653062,36047
681,2020-03-25,85,4.23177508707703,36047
