,ds,region,percent_ill
0,2016-08-02,12086,1.16098472169553
656,2016-08-03,12086,0.840485221606175
1,2016-08-04,12086,0.954323791108297
657,2016-08-05,12086,0.788516241917383
2,2016-08-06,12086,0.884493799385042
658,2016-08-07,12086,0.932193369699676
659,2016-08-08,12086,0.837428145923122
660,2016-08-09,12086,0.678117747172067
661,2016-08-10,12086,0.439841576546297
3,2016-08-11,12086,0.243213041802061
4,2016-08-12,12086,0.243378856449384
662,2016-08-13,12086,0.202613339852255
5,2016-08-14,12086,0.396117910058497
663,2016-08-15,12086,0.741545614172846
664,2016-08-16,12086,0.899620942745452
665,2016-08-17,12086,0.884182710447267
6,2016-08-18,12086,0.88449296302862
666,2016-08-19,12086,1.00524529816866
667,2016-08-20,12086,1.00409872077703
668,2016-08-21,12086,1.421480898352
7,2016-08-22,12086,1.40157627421584
8,2016-08-23,12086,1.35583343674997
9,2016-08-24,12086,1.40609502034614
10,2016-08-25,12086,1.66257455504199
669,2016-08-26,12086,2.02347281732865
11,2016-08-27,12086,2.1405345160546
12,2016-08-28,12086,2.29649365266387
13,2016-08-29,12086,1.9702998800972
14,2016-08-30,12086,2.01402944240466
670,2016-08-31,12086,2.22691689788908
15,2016-09-01,12086,2.11695798424262
671,2016-09-02,12086,1.63234946488105
16,2016-09-03,12086,2.07214956463719
17,2016-09-04,12086,1.7539046180588
672,2016-09-05,12086,1.66142082126999
673,2016-09-06,12086,1.63332677832446
674,2016-09-07,12086,1.59124405329073
675,2016-09-08,12086,1.33361482502771
676,2016-09-09,12086,1.45609326552269
18,2016-09-10,12086,1.84936329263914
19,2016-09-11,12086,1.63250142228628
677,2016-09-12,12086,1.78046859549366
678,2016-09-13,12086,1.96529833555648
20,2016-09-14,12086,2.05303116501723
679,2016-09-15,12086,2.46190595638596
680,2016-09-16,12086,2.8620624785314
681,2016-09-17,12086,2.6545371330706
21,2016-09-18,12086,2.47686267857287
22,2016-09-19,12086,2.14513997270904
23,2016-09-20,12086,2.17929180825953
682,2016-09-21,12086,2.10962483799274
24,2016-09-22,12086,1.99406582838562
683,2016-09-23,12086,1.73116840129305
684,2016-09-24,12086,1.50484314964103
25,2016-09-25,12086,1.97801744486325
685,2016-09-26,12086,2.12883444459058
686,2016-09-27,12086,2.44917847401423
26,2016-09-28,12086,2.28750495399988
27,2016-09-29,12086,2.09136072205251
687,2016-09-30,12086,1.98087829089982
688,2016-10-01,12086,2.19714838322765
28,2016-10-02,12086,1.90729853271116
29,2016-10-03,12086,1.59156165814675
30,2016-10-04,12086,1.43380804917816
689,2016-10-05,12086,1.45107089900626
31,2016-10-06,12086,1.37381323726235
32,2016-10-07,12086,1.26732976000408
690,2016-10-08,12086,1.21711044745768
691,2016-10-09,12086,1.46653149282529
33,2016-10-10,12086,1.36961943167813
692,2016-10-11,12086,1.20223596995889
693,2016-10-12,12086,1.0675121948005
694,2016-10-13,12086,0.97044401148699
695,2016-10-14,12086,1.32960620578842
34,2016-10-15,12086,1.3269081686167
35,2016-10-16,12086,1.44331247130755
36,2016-10-17,12086,1.59818396232426
37,2016-10-18,12086,1.46116599209114
38,2016-10-19,12086,1.42200062616415
39,2016-10-20,12086,1.38076638910049
40,2016-10-21,12086,1.28038051467688
696,2016-10-22,12086,0.823835028483161
697,2016-10-23,12086,0.776463899735704
698,2016-10-24,12086,0.571229959669954
699,2016-10-25,12086,0.461561439275785
41,2016-10-26,12086,0.260182107486881
700,2016-10-27,12086,0.276115900783985
701,2016-10-28,12086,0.52322340446333
42,2016-10-29,12086,1.07783671638892
702,2016-10-30,12086,1.35039820425204
43,2016-10-31,12086,1.44750102538358
703,2016-11-01,12086,1.87733158916161
704,2016-11-02,12086,1.83341227117289
705,2016-11-03,12086,1.98085611115923
44,2016-11-04,12086,2.470144499601
45,2016-11-05,12086,2.27163394016798
46,2016-11-06,12086,2.10667803541549
706,2016-11-07,12086,1.77140994007947
707,2016-11-08,12086,1.62628623730816
47,2016-11-09,12086,1.42099431083565
48,2016-11-10,12086,0.984649368991726
708,2016-11-11,12086,0.610776297099501
709,2016-11-12,12086,0.579249887516281
49,2016-11-13,12086,0.746047173335759
50,2016-11-14,12086,0.947806237994135
51,2016-11-15,12086,1.10496129613292
52,2016-11-16,12086,1.19040639638385
710,2016-11-17,12086,1.85006962761697
53,2016-11-18,12086,1.91263105727821
54,2016-11-19,12086,2.08879551314032
711,2016-11-20,12086,2.33645214375169
55,2016-11-21,12086,2.09758524971927
712,2016-11-22,12086,2.13682446254471
56,2016-11-23,12086,2.10911045888965
713,2016-11-24,12086,2.03665016134259
57,2016-11-25,12086,1.54274294060485
58,2016-11-26,12086,1.88762390643654
59,2016-11-27,12086,1.87868893118005
60,2016-11-28,12086,2.00892642145712
714,2016-11-29,12086,2.32162275410545
715,2016-11-30,12086,2.62988694046324
716,2016-12-01,12086,2.63394371783131
61,2016-12-02,12086,2.94069576322664
62,2016-12-03,12086,2.89619876258171
63,2016-12-04,12086,2.91746775061935
717,2016-12-05,12086,2.47228634748874
718,2016-12-06,12086,2.17074801251146
64,2016-12-07,12086,1.96699206130573
65,2016-12-08,12086,2.03772339948033
719,2016-12-09,12086,1.63130178803135
720,2016-12-10,12086,1.89629042419492
721,2016-12-11,12086,2.06076081171177
66,2016-12-12,12086,2.32729263498346
67,2016-12-13,12086,2.95652977599449
68,2016-12-14,12086,3.26869353214093
722,2016-12-15,12086,3.20597528510446
723,2016-12-16,12086,2.99186185499919
69,2016-12-17,12086,3.27503882430452
724,2016-12-18,12086,3.4377589730179
725,2016-12-19,12086,3.65031939561234
726,2016-12-20,12086,3.47147857063218
727,2016-12-21,12086,2.85879676974293
70,2016-12-22,12086,2.3333883608147
71,2016-12-23,12086,2.35285985271715
72,2016-12-24,12086,2.1976026052769
73,2016-12-25,12086,2.09392201899369
728,2016-12-26,12086,2.23951671999377
74,2016-12-27,12086,2.34685421228332
75,2016-12-28,12086,2.31421884084477
729,2016-12-29,12086,2.56413374369576
730,2016-12-30,12086,2.70776187530594
731,2016-12-31,12086,2.82207294436704
732,2017-01-01,12086,2.84942593344651
733,2017-01-02,12086,2.75912911745405
734,2017-01-03,12086,2.72911011813149
76,2017-01-04,12086,3.10530908255792
735,2017-01-05,12086,3.07737264856001
736,2017-01-06,12086,2.89595784904336
77,2017-01-07,12086,2.6783327901022
78,2017-01-08,12086,2.74761004118791
737,2017-01-09,12086,3.02711740280315
79,2017-01-10,12086,2.50300135668433
80,2017-01-11,12086,2.79871096882088
81,2017-01-12,12086,2.81839909835273
82,2017-01-13,12086,2.91208075033703
738,2017-01-14,12086,2.89448759661283
739,2017-01-15,12086,2.87599896231314
740,2017-01-16,12086,2.89777995915685
83,2017-01-17,12086,3.25574947580175
84,2017-01-18,12086,3.11492920146891
85,2017-01-19,12086,3.37906885544681
86,2017-01-20,12086,3.19568950567123
87,2017-01-21,12086,3.03230073695013
88,2017-01-22,12086,3.71854419765853
89,2017-01-23,12086,3.80950988831717
90,2017-01-24,12086,3.94978108724829
91,2017-01-25,12086,3.4967330570379
92,2017-01-26,12086,3.63430776086656
741,2017-01-27,12086,3.49084144262191
93,2017-01-28,12086,3.58980967694564
742,2017-01-29,12086,3.60730470910985
743,2017-01-30,12086,3.42357197553995
744,2017-01-31,12086,3.1997411367128
94,2017-02-01,12086,3.57054061666947
745,2017-02-02,12086,3.82042768296377
746,2017-02-03,12086,4.25383614786243
95,2017-02-04,12086,4.63623654097333
96,2017-02-05,12086,4.65752457452242
747,2017-02-06,12086,4.923900902404
748,2017-02-07,12086,4.97656272551976
749,2017-02-08,12086,4.82760459322822
750,2017-02-09,12086,4.36109102150225
97,2017-02-10,12086,4.21713389362412
751,2017-02-11,12086,4.26458173552623
752,2017-02-12,12086,3.54571342519534
753,2017-02-13,12086,3.5913313693141
98,2017-02-14,12086,3.58372364061408
754,2017-02-15,12086,3.35022860189246
99,2017-02-16,12086,3.38696914946446
100,2017-02-17,12086,3.11013645590803
755,2017-02-18,12086,3.21601329791629
101,2017-02-19,12086,2.9511036592094
102,2017-02-20,12086,3.43591852808938
756,2017-02-21,12086,3.59599923765052
757,2017-02-22,12086,4.40471094588476
758,2017-02-23,12086,4.32876612092102
103,2017-02-24,12086,4.45635418452223
104,2017-02-25,12086,4.74463752876592
759,2017-02-26,12086,4.60942878591662
760,2017-02-27,12086,4.82155738476274
105,2017-02-28,12086,4.68143690521411
106,2017-03-01,12086,4.63643973625608
761,2017-03-02,12086,4.95069749915903
762,2017-03-03,12086,4.78382758974347
107,2017-03-04,12086,4.59885750911136
108,2017-03-05,12086,4.56371017394557
763,2017-03-06,12086,5.12274119121705
764,2017-03-07,12086,5.14850685700564
109,2017-03-08,12086,5.02466890433169
765,2017-03-09,12086,4.82330907757806
766,2017-03-10,12086,4.40932805355894
110,2017-03-11,12086,4.45090156953446
111,2017-03-12,12086,4.64776110399504
112,2017-03-13,12086,4.24421235153763
767,2017-03-14,12086,3.87044432841833
113,2017-03-15,12086,3.24138537382135
768,2017-03-16,12086,3.38492125796103
769,2017-03-17,12086,3.1853126482151
114,2017-03-18,12086,2.97979945177423
115,2017-03-19,12086,2.75835894751477
116,2017-03-20,12086,2.98644647493526
770,2017-03-21,12086,3.26433891240545
771,2017-03-22,12086,3.53975697652909
117,2017-03-23,12086,3.49480369016028
118,2017-03-24,12086,4.03771528937253
772,2017-03-25,12086,3.83742982478279
119,2017-03-26,12086,4.379696459651
120,2017-03-27,12086,4.09379150882987
773,2017-03-28,12086,4.05098519836427
121,2017-03-29,12086,3.91948268672478
774,2017-03-30,12086,4.33493910950852
122,2017-03-31,12086,4.52076285052652
775,2017-04-01,12086,3.88843127964135
776,2017-04-02,12086,3.70425761794853
123,2017-04-03,12086,3.77792437126505
777,2017-04-04,12086,3.61066999138309
124,2017-04-05,12086,3.56485096009599
125,2017-04-06,12086,4.04291528108622
778,2017-04-07,12086,3.46253843541301
126,2017-04-08,12086,3.26374203787011
127,2017-04-09,12086,3.58787304992519
779,2017-04-10,12086,3.97827479608596
128,2017-04-11,12086,4.13157853135105
780,2017-04-12,12086,3.92299528916789
129,2017-04-13,12086,3.69542667256501
130,2017-04-14,12086,3.35710476606618
131,2017-04-15,12086,3.61489789156412
132,2017-04-16,12086,3.42818324621351
133,2017-04-17,12086,3.42889170336335
781,2017-04-18,12086,3.30844661053038
782,2017-04-19,12086,2.47827225866876
783,2017-04-20,12086,2.2837281004614
134,2017-04-21,12086,2.25167511928999
135,2017-04-22,12086,2.11052643720127
784,2017-04-23,12086,1.93384207518162
785,2017-04-24,12086,2.46917450636202
786,2017-04-25,12086,2.34605645151913
136,2017-04-26,12086,2.71635687073649
787,2017-04-27,12086,3.06689692982082
137,2017-04-28,12086,2.75072322595013
138,2017-04-29,12086,2.85038326298886
788,2017-04-30,12086,2.93077352626365
789,2017-05-01,12086,3.3563997902277
139,2017-05-02,12086,2.81102790348761
140,2017-05-03,12086,2.6484739871425
790,2017-05-04,12086,2.61242755438052
141,2017-05-05,12086,2.54691208706303
142,2017-05-06,12086,2.46051122252083
143,2017-05-07,12086,2.0742947949125
791,2017-05-08,12086,2.33770017078608
144,2017-05-09,12086,2.42687072021175
792,2017-05-10,12086,2.28631863102158
793,2017-05-11,12086,2.51266224481876
794,2017-05-12,12086,2.65894595376155
795,2017-05-13,12086,2.52648192464883
796,2017-05-14,12086,2.75315660321278
145,2017-05-15,12086,3.22817184166404
797,2017-05-16,12086,2.55416903557695
146,2017-05-17,12086,2.48535929417777
147,2017-05-18,12086,2.73041167302058
148,2017-05-19,12086,2.51125728348118
149,2017-05-20,12086,2.67484974536055
150,2017-05-21,12086,2.55161362739936
151,2017-05-22,12086,2.51899811450107
798,2017-05-23,12086,2.00502492336731
799,2017-05-24,12086,1.88736143912222
800,2017-05-25,12086,1.68679380617258
801,2017-05-26,12086,1.66535258842752
152,2017-05-27,12086,1.57524005204033
802,2017-05-28,12086,1.68157232940473
803,2017-05-29,12086,1.69883669149447
804,2017-05-30,12086,1.38237085683617
805,2017-05-31,12086,1.44267351911198
806,2017-06-01,12086,1.59702053264564
807,2017-06-02,12086,1.53157198723785
808,2017-06-03,12086,1.53766735822435
809,2017-06-04,12086,1.84253932807733
153,2017-06-05,12086,2.11486029262468
810,2017-06-06,12086,2.23982338035142
154,2017-06-07,12086,2.78499068799291
155,2017-06-08,12086,2.72570232279103
811,2017-06-09,12086,2.71646124292555
812,2017-06-10,12086,2.50362276624977
813,2017-06-11,12086,2.63962923083147
156,2017-06-12,12086,2.20399171513474
814,2017-06-13,12086,1.99824765092155
815,2017-06-14,12086,2.05057696298175
157,2017-06-15,12086,1.74355563904924
158,2017-06-16,12086,1.41964915484735
816,2017-06-17,12086,1.56485055314002
817,2017-06-18,12086,1.79682708993792
159,2017-06-19,12086,1.54448050089597
160,2017-06-20,12086,1.63402290314607
161,2017-06-21,12086,1.68743796615801
818,2017-06-22,12086,1.53548337443686
819,2017-06-23,12086,1.46106046693384
162,2017-06-24,12086,1.51422741403199
820,2017-06-25,12086,1.40561688023209
163,2017-06-26,12086,1.46051676261149
164,2017-06-27,12086,1.72396333381516
821,2017-06-28,12086,1.66062857033428
822,2017-06-29,12086,1.58741508972794
165,2017-06-30,12086,1.71020536365306
166,2017-07-01,12086,1.68736215986085
167,2017-07-02,12086,2.22599616785782
168,2017-07-03,12086,2.13611850379127
823,2017-07-04,12086,2.13564779890614
824,2017-07-05,12086,1.85891265298682
825,2017-07-06,12086,1.55363527984601
826,2017-07-07,12086,1.60802826320766
169,2017-07-08,12086,1.59923712122333
827,2017-07-09,12086,1.49114947936036
828,2017-07-10,12086,0.97014577344353
170,2017-07-11,12086,1.11876459845089
171,2017-07-12,12086,1.38889970704181
172,2017-07-13,12086,1.64586928870559
829,2017-07-14,12086,1.64502546257801
173,2017-07-15,12086,1.68826401848759
830,2017-07-16,12086,1.83239197742202
831,2017-07-17,12086,1.81337382781723
832,2017-07-18,12086,2.09008803719437
833,2017-07-19,12086,2.00880015582408
834,2017-07-20,12086,2.12407423232411
174,2017-07-21,12086,1.66091372587522
175,2017-07-22,12086,1.61403010705012
835,2017-07-23,12086,1.77774975186613
836,2017-07-24,12086,1.91582387850033
176,2017-07-25,12086,1.67220688968511
177,2017-07-26,12086,1.49183004349568
837,2017-07-27,12086,1.24273596976086
178,2017-07-28,12086,1.04346776802471
838,2017-07-29,12086,1.10746005826282
179,2017-07-30,12086,1.26286195061371
839,2017-07-31,12086,1.24550403485087
180,2017-08-01,12086,1.17414548692755
181,2017-08-02,12086,1.00897796433137
182,2017-08-03,12086,0.885076224948267
183,2017-08-04,12086,0.810759124425677
184,2017-08-05,12086,1.00484648391778
840,2017-08-06,12086,0.961108839439755
841,2017-08-07,12086,1.51632379987908
842,2017-08-08,12086,1.34440823130925
843,2017-08-09,12086,1.42986505870177
185,2017-08-10,12086,1.47980962286391
186,2017-08-11,12086,1.69002768951513
187,2017-08-12,12086,1.64522925930256
188,2017-08-13,12086,1.57933716959072
189,2017-08-14,12086,1.78871374319822
844,2017-08-15,12086,1.5637598221872
845,2017-08-16,12086,1.71268527479865
846,2017-08-17,12086,1.70267312620265
190,2017-08-18,12086,1.52742369970288
847,2017-08-19,12086,1.39783358625163
191,2017-08-20,12086,1.50279606894367
192,2017-08-21,12086,1.48683408408977
193,2017-08-22,12086,1.31014473671262
194,2017-08-23,12086,1.96553505142954
848,2017-08-24,12086,2.29015042027997
849,2017-08-25,12086,2.3228839193851
195,2017-08-26,12086,2.29054726275504
196,2017-08-27,12086,1.98926784276906
850,2017-08-28,12086,2.11876434843479
197,2017-08-29,12086,2.25542352109213
851,2017-08-30,12086,2.3350452218671
852,2017-08-31,12086,1.89862921058714
198,2017-09-01,12086,1.84993450921479
853,2017-09-02,12086,1.53974055266428
199,2017-09-03,12086,1.66913939454371
854,2017-09-04,12086,1.37869891159021
200,2017-09-05,12086,1.46268488604921
201,2017-09-06,12086,1.43677348621047
202,2017-09-07,12086,1.08256079332899
855,2017-09-08,12086,0.869905140128862
856,2017-09-09,12086,1.12525340855722
857,2017-09-10,12086,1.03403673194445
858,2017-09-11,12086,1.12898466855315
203,2017-09-12,12086,0.834842493059684
204,2017-09-13,12086,0.64144772164602
859,2017-09-14,12086,0.60808694378026
205,2017-09-15,12086,0.446379123827593
860,2017-09-16,12086,0.331292748381617
206,2017-09-17,12086,0.243133306388218
207,2017-09-18,12086,0.0884187912186263
208,2017-09-19,12086,0.0874625611552997
209,2017-09-20,12086,0.254656877137809
861,2017-09-21,12086,0.299285004875825
210,2017-09-22,12086,0.159267925420831
211,2017-09-23,12086,0.412113805027182
862,2017-09-24,12086,0.78993973296783
863,2017-09-25,12086,0.940623010838621
212,2017-09-26,12086,1.2562706750067
213,2017-09-27,12086,1.32329674426611
864,2017-09-28,12086,1.56175560067064
865,2017-09-29,12086,1.45033939140445
866,2017-09-30,12086,1.5466632202545
867,2017-10-01,12086,1.46511201922212
868,2017-10-02,12086,1.4960560860851
869,2017-10-03,12086,1.54573595198672
214,2017-10-04,12086,1.66525609381815
215,2017-10-05,12086,1.64040236315772
216,2017-10-06,12086,1.59648049247499
217,2017-10-07,12086,1.62983762163878
218,2017-10-08,12086,1.90320417103377
219,2017-10-09,12086,2.55106289484158
220,2017-10-10,12086,2.66931460636941
870,2017-10-11,12086,2.78110949389671
221,2017-10-12,12086,2.8314678230558
871,2017-10-13,12086,3.00237321853315
222,2017-10-14,12086,2.70035509591792
872,2017-10-15,12086,2.68233838878285
223,2017-10-16,12086,2.53768664839742
224,2017-10-17,12086,2.12951059089768
225,2017-10-18,12086,1.86636561972293
226,2017-10-19,12086,2.02298992815913
227,2017-10-20,12086,1.58268567733365
228,2017-10-21,12086,1.32322736972836
873,2017-10-22,12086,1.7088231842409
229,2017-10-23,12086,1.78877965062569
230,2017-10-24,12086,1.6813280414588
874,2017-10-25,12086,1.68037243355727
875,2017-10-26,12086,1.67022825629311
876,2017-10-27,12086,1.64105417407752
231,2017-10-28,12086,1.78477557794819
232,2017-10-29,12086,1.97394957549498
233,2017-10-30,12086,1.97963337166733
234,2017-10-31,12086,2.12501744943574
235,2017-11-01,12086,1.93610990200049
877,2017-11-02,12086,2.20338868359811
236,2017-11-03,12086,2.48244594261064
237,2017-11-04,12086,2.66077480050006
238,2017-11-05,12086,2.55359919415563
239,2017-11-06,12086,2.31954498985856
240,2017-11-07,12086,1.96924227905276
241,2017-11-08,12086,2.06100051630033
242,2017-11-09,12086,2.35209787477231
878,2017-11-10,12086,2.08210259687937
243,2017-11-11,12086,1.8995125233292
879,2017-11-12,12086,1.82119719939178
244,2017-11-13,12086,1.61607734017807
245,2017-11-14,12086,1.58418844872697
246,2017-11-15,12086,1.94829437216087
880,2017-11-16,12086,1.8658387375871
247,2017-11-17,12086,1.56463938959188
248,2017-11-18,12086,1.68515039829754
249,2017-11-19,12086,1.73728306726436
250,2017-11-20,12086,2.28383549340496
881,2017-11-21,12086,2.10237353956756
251,2017-11-22,12086,2.00320373398527
252,2017-11-23,12086,1.72692227757739
253,2017-11-24,12086,1.49403624362317
254,2017-11-25,12086,1.84694915379123
255,2017-11-26,12086,1.94641896490637
882,2017-11-27,12086,1.83145270142264
256,2017-11-28,12086,1.64199368089406
257,2017-11-29,12086,1.16180799712184
883,2017-11-30,12086,1.09160291856085
884,2017-12-01,12086,1.12180903062377
258,2017-12-02,12086,1.1198117559445
885,2017-12-03,12086,0.753058795043399
886,2017-12-04,12086,0.961835770626451
887,2017-12-05,12086,0.973785370348514
259,2017-12-06,12086,1.66575144601171
260,2017-12-07,12086,1.58798034865557
888,2017-12-08,12086,1.53678926457777
889,2017-12-09,12086,1.62613105543046
261,2017-12-10,12086,1.53013603830515
890,2017-12-11,12086,1.68453601040934
262,2017-12-12,12086,1.69057350179963
891,2017-12-13,12086,2.01795353971169
263,2017-12-14,12086,1.86028137422294
892,2017-12-15,12086,1.86993189062727
264,2017-12-16,12086,1.94079498698065
893,2017-12-17,12086,2.3942132186835
894,2017-12-18,12086,2.55521165956115
895,2017-12-19,12086,2.6429252984763
896,2017-12-20,12086,2.4796662623308
897,2017-12-21,12086,2.32301848618492
265,2017-12-22,12086,2.19908832215237
898,2017-12-23,12086,2.16215487079257
266,2017-12-24,12086,1.97150765662637
899,2017-12-25,12086,2.07062604162843
267,2017-12-26,12086,2.14492412526227
268,2017-12-27,12086,1.84573601270692
269,2017-12-28,12086,2.43572474607014
270,2017-12-29,12086,2.54357422788907
900,2017-12-30,12086,2.56177538613402
271,2017-12-31,12086,2.60393769767133
901,2018-01-01,12086,2.894310891161
902,2018-01-02,12086,2.57228905258093
903,2018-01-03,12086,2.8735510138175
904,2018-01-04,12086,3.07213113879135
905,2018-01-05,12086,2.97194634071636
272,2018-01-06,12086,2.87251625950113
273,2018-01-07,12086,2.57265502955588
906,2018-01-08,12086,2.67153822666801
274,2018-01-09,12086,2.44103114583866
907,2018-01-10,12086,2.550076403483
275,2018-01-11,12086,3.03669097885762
276,2018-01-12,12086,3.4233962051093
908,2018-01-13,12086,3.3317463370534
909,2018-01-14,12086,3.37070124635823
910,2018-01-15,12086,3.65299651117888
911,2018-01-16,12086,4.04194046932244
912,2018-01-17,12086,4.40471205270904
913,2018-01-18,12086,3.90179019518766
914,2018-01-19,12086,4.29813732456855
915,2018-01-20,12086,3.8002486665048
916,2018-01-21,12086,3.98371412335155
917,2018-01-22,12086,4.16094563059044
918,2018-01-23,12086,4.69987970300307
919,2018-01-24,12086,4.65463074201604
920,2018-01-25,12086,4.94527429972388
921,2018-01-26,12086,5.27914758312581
277,2018-01-27,12086,5.04790648718122
922,2018-01-28,12086,5.71060000822853
923,2018-01-29,12086,6.27231299857272
278,2018-01-30,12086,6.38452004297715
279,2018-01-31,12086,6.40405185539071
280,2018-02-01,12086,6.25514586978424
281,2018-02-02,12086,6.48040760292619
282,2018-02-03,12086,6.51447982970519
283,2018-02-04,12086,7.19747688384185
924,2018-02-05,12086,7.61854279195918
284,2018-02-06,12086,7.73184383012687
285,2018-02-07,12086,7.4690485383835
286,2018-02-08,12086,7.52859992413969
287,2018-02-09,12086,7.59070189435319
925,2018-02-10,12086,7.02836596634361
926,2018-02-11,12086,6.61704313822753
927,2018-02-12,12086,6.15664672780884
288,2018-02-13,12086,5.79101914398949
289,2018-02-14,12086,5.19597172069218
290,2018-02-15,12086,4.46703728389335
291,2018-02-16,12086,4.10734619786
292,2018-02-17,12086,3.99595792067964
928,2018-02-18,12086,4.06343341499674
929,2018-02-19,12086,4.13744391771272
293,2018-02-20,12086,3.68642255940431
294,2018-02-21,12086,3.4891767496234
295,2018-02-22,12086,3.37363299612854
296,2018-02-23,12086,3.3008566712425
297,2018-02-24,12086,3.15473041267374
298,2018-02-25,12086,3.33862595682901
299,2018-02-26,12086,3.10404533487114
300,2018-02-27,12086,2.92791925838273
930,2018-02-28,12086,2.74403142233094
301,2018-03-01,12086,2.53208000871787
931,2018-03-02,12086,2.36813165052148
932,2018-03-03,12086,1.91842931783717
933,2018-03-04,12086,1.78279963868825
934,2018-03-05,12086,1.86869527314795
935,2018-03-06,12086,2.14690212689823
936,2018-03-07,12086,2.15428916896186
937,2018-03-08,12086,1.82384655722246
938,2018-03-09,12086,1.69751789183342
302,2018-03-10,12086,1.77171796000783
303,2018-03-11,12086,1.97271304045604
939,2018-03-12,12086,2.04557382791829
940,2018-03-13,12086,1.69397302702736
304,2018-03-14,12086,1.35191384769451
305,2018-03-15,12086,1.29896780159057
306,2018-03-16,12086,1.22541423121721
307,2018-03-17,12086,1.11840288076708
308,2018-03-18,12086,1.27805494142583
941,2018-03-19,12086,1.45395332495519
942,2018-03-20,12086,1.42702757284951
309,2018-03-21,12086,1.4529782654773
310,2018-03-22,12086,1.45815823492509
311,2018-03-23,12086,1.77958862977907
943,2018-03-24,12086,1.89557888618786
944,2018-03-25,12086,2.05391628767751
312,2018-03-26,12086,2.14504805654026
313,2018-03-27,12086,2.03061934322288
314,2018-03-28,12086,1.82609942240859
315,2018-03-29,12086,1.43652682474932
945,2018-03-30,12086,1.47076267291042
316,2018-03-31,12086,1.47251402230317
317,2018-04-01,12086,1.73043110423815
318,2018-04-02,12086,1.82762941032075
946,2018-04-03,12086,1.92118107545604
319,2018-04-04,12086,2.07396030092002
947,2018-04-05,12086,1.94942863772085
320,2018-04-06,12086,1.63954225106849
321,2018-04-07,12086,1.97344351461364
948,2018-04-08,12086,2.01753683195645
949,2018-04-09,12086,1.77995846830028
950,2018-04-10,12086,1.58863205059538
322,2018-04-11,12086,1.65799748615128
951,2018-04-12,12086,1.74400793661102
952,2018-04-13,12086,1.82355655975247
323,2018-04-14,12086,1.78335512141259
953,2018-04-15,12086,2.01924814452505
324,2018-04-16,12086,1.85884552855859
954,2018-04-17,12086,1.60865867065544
325,2018-04-18,12086,1.68177356991439
955,2018-04-19,12086,1.37290867922019
956,2018-04-20,12086,0.952294264652482
326,2018-04-21,12086,1.18863770930159
327,2018-04-22,12086,1.44333087164356
957,2018-04-23,12086,1.30694652614683
958,2018-04-24,12086,1.29426201677013
328,2018-04-25,12086,1.33117786694364
959,2018-04-26,12086,1.3809001616189
329,2018-04-27,12086,1.36451241153083
330,2018-04-28,12086,1.40289740987686
960,2018-04-29,12086,1.25777932360337
961,2018-04-30,12086,1.23270108041455
331,2018-05-01,12086,1.26075133793566
332,2018-05-02,12086,1.3575790717191
962,2018-05-03,12086,1.27426650901087
333,2018-05-04,12086,1.13252693818005
334,2018-05-05,12086,1.07176161550946
963,2018-05-06,12086,1.15392442765729
964,2018-05-07,12086,0.882664500453755
335,2018-05-08,12086,0.64128058506602
965,2018-05-09,12086,0.683434298747188
966,2018-05-10,12086,0.815864385853755
967,2018-05-11,12086,0.931671763301785
336,2018-05-12,12086,0.987247709447428
337,2018-05-13,12086,1.25004658521634
968,2018-05-14,12086,1.44092055786116
969,2018-05-15,12086,1.73509640673188
970,2018-05-16,12086,2.01826213616744
971,2018-05-17,12086,1.89124483077222
338,2018-05-18,12086,1.81343215208867
339,2018-05-19,12086,1.70697242050144
340,2018-05-20,12086,1.55734569467689
341,2018-05-21,12086,1.48168904241105
342,2018-05-22,12086,1.30461743299592
343,2018-05-23,12086,1.18054581074822
344,2018-05-24,12086,0.957442893017034
345,2018-05-25,12086,0.768628963312519
346,2018-05-26,12086,0.96022465714539
972,2018-05-27,12086,1.16161245862576
347,2018-05-28,12086,1.23030659694536
348,2018-05-29,12086,1.3447359289389
349,2018-05-30,12086,1.17308139284156
350,2018-05-31,12086,1.22228936685395
351,2018-06-01,12086,1.10101863482835
973,2018-06-02,12086,1.071584896249
352,2018-06-03,12086,0.846358268196551
353,2018-06-04,12086,0.893439827789797
354,2018-06-05,12086,1.15649465835186
974,2018-06-06,12086,0.748885618756105
355,2018-06-07,12086,0.835256762669908
975,2018-06-08,12086,1.05867023352629
976,2018-06-09,12086,1.1105465398933
977,2018-06-10,12086,1.45676597441313
356,2018-06-11,12086,1.23559783874702
357,2018-06-12,12086,1.02931487669285
358,2018-06-13,12086,0.911848055586072
359,2018-06-14,12086,1.35688984179929
360,2018-06-15,12086,1.07522126197038
361,2018-06-16,12086,1.14366749216302
978,2018-06-17,12086,1.05644555519554
362,2018-06-18,12086,0.990804410895164
363,2018-06-19,12086,1.09403125367185
979,2018-06-20,12086,1.3360416834838
364,2018-06-21,12086,1.42108134458324
365,2018-06-22,12086,1.20254065455388
366,2018-06-23,12086,1.04825675477459
367,2018-06-24,12086,0.934738511069475
368,2018-06-25,12086,0.799980441893057
980,2018-06-26,12086,0.97340334291102
981,2018-06-27,12086,0.927059995295099
982,2018-06-28,12086,0.678991887970356
983,2018-06-29,12086,0.469609026440138
984,2018-06-30,12086,0.373218871678518
985,2018-07-01,12086,0.389585125300495
369,2018-07-02,12086,0.364871551314228
370,2018-07-03,12086,0.356009409332922
986,2018-07-04,12086,0.063655864785799
987,2018-07-05,12086,0.0
988,2018-07-06,12086,0.0
989,2018-07-07,12086,0.338643119117647
371,2018-07-08,12086,0.443419543965009
990,2018-07-09,12086,0.413467642883855
372,2018-07-10,12086,0.482328188008406
373,2018-07-11,12086,0.561374900668633
374,2018-07-12,12086,0.588859428504337
375,2018-07-13,12086,0.551958652752846
376,2018-07-14,12086,0.604913819531948
991,2018-07-15,12086,0.401613612758722
992,2018-07-16,12086,0.405621464758325
993,2018-07-17,12086,0.530878053410534
377,2018-07-18,12086,0.861855859915205
378,2018-07-19,12086,1.07256603745611
379,2018-07-20,12086,1.30087599103515
994,2018-07-21,12086,1.32773931612245
995,2018-07-22,12086,1.40156075959233
380,2018-07-23,12086,1.37037214692399
381,2018-07-24,12086,1.31863418093447
996,2018-07-25,12086,1.14817414944894
997,2018-07-26,12086,0.889213389717443
382,2018-07-27,12086,0.718138234753842
998,2018-07-28,12086,0.345192803188375
999,2018-07-29,12086,0.222619431482742
1000,2018-07-30,12086,0.0716665350634633
383,2018-07-31,12086,0.314193902869059
384,2018-08-01,12086,0.284123481454194
1001,2018-08-02,12086,0.372926690277604
1002,2018-08-03,12086,0.342959988440673
1003,2018-08-04,12086,0.47915906820963
385,2018-08-05,12086,0.531337543975716
1004,2018-08-06,12086,0.305810381660263
386,2018-08-07,12086,0.351736445893992
1005,2018-08-08,12086,0.308171507293439
387,2018-08-09,12086,0.452612383400749
1006,2018-08-10,12086,0.412878285303947
1007,2018-08-11,12086,0.452363698109116
388,2018-08-12,12086,1.01754995781015
1008,2018-08-13,12086,0.941189958849062
1009,2018-08-14,12086,0.981410655298248
1010,2018-08-15,12086,1.0405829310433
389,2018-08-16,12086,0.791175777003497
1011,2018-08-17,12086,0.8416435739021
1012,2018-08-18,12086,0.949261862511547
390,2018-08-19,12086,0.809281725432882
1013,2018-08-20,12086,0.539269661837648
391,2018-08-21,12086,0.788355461312743
392,2018-08-22,12086,1.02374495936721
1014,2018-08-23,12086,1.43521893390747
1015,2018-08-24,12086,1.87458689093045
1016,2018-08-25,12086,1.69116799782637
393,2018-08-26,12086,1.76531299138239
394,2018-08-27,12086,1.83019333827898
1017,2018-08-28,12086,1.89769635053165
1018,2018-08-29,12086,1.74147673406645
1019,2018-08-30,12086,1.63867389032165
1020,2018-08-31,12086,1.23060398307313
395,2018-09-01,12086,0.983263879114884
396,2018-09-02,12086,1.0920896548713
397,2018-09-03,12086,0.954248685454966
398,2018-09-04,12086,1.16853445777707
399,2018-09-05,12086,1.43888897780068
1021,2018-09-06,12086,1.59596576348737
1022,2018-09-07,12086,1.70093410703709
400,2018-09-08,12086,1.82491623573394
401,2018-09-09,12086,1.74224461573209
402,2018-09-10,12086,1.8878045833317
1023,2018-09-11,12086,1.67727984676068
403,2018-09-12,12086,1.48696257275853
404,2018-09-13,12086,1.29555645882583
1024,2018-09-14,12086,1.11285596336104
405,2018-09-15,12086,1.04211095229931
1025,2018-09-16,12086,0.869594587890191
1026,2018-09-17,12086,1.07500197984678
406,2018-09-18,12086,1.1220048107537
407,2018-09-19,12086,1.40953954461623
1027,2018-09-20,12086,1.83290444297959
408,2018-09-21,12086,1.86563414085008
1028,2018-09-22,12086,1.98549722950606
1029,2018-09-23,12086,2.08569500815853
1030,2018-09-24,12086,2.25664721487198
1031,2018-09-25,12086,2.4733805267181
409,2018-09-26,12086,2.6176370933622
1032,2018-09-27,12086,2.64594022693036
410,2018-09-28,12086,2.42242568349406
1033,2018-09-29,12086,2.28196561495966
411,2018-09-30,12086,2.24638082128849
1034,2018-10-01,12086,2.02826396610604
1035,2018-10-02,12086,2.19787428757203
1036,2018-10-03,12086,1.97233687547818
412,2018-10-04,12086,1.69652728121804
413,2018-10-05,12086,1.70213713171079
414,2018-10-06,12086,1.49400200222977
415,2018-10-07,12086,1.63755971942655
416,2018-10-08,12086,2.16732160807363
417,2018-10-09,12086,1.9797395427006
1037,2018-10-10,12086,1.86193006082247
418,2018-10-11,12086,1.42690654052955
1038,2018-10-12,12086,1.49562335320748
419,2018-10-13,12086,1.51668715773537
420,2018-10-14,12086,1.9195553527115
1039,2018-10-15,12086,2.12487661152879
1040,2018-10-16,12086,1.7746490638307
1041,2018-10-17,12086,1.82404652076654
1042,2018-10-18,12086,2.11208657931258
421,2018-10-19,12086,2.10622312597415
1043,2018-10-20,12086,2.23450117877156
422,2018-10-21,12086,2.45752663533738
423,2018-10-22,12086,2.20748190732344
1044,2018-10-23,12086,1.81111476868814
424,2018-10-24,12086,1.7858767056111
1045,2018-10-25,12086,1.6877518744678
425,2018-10-26,12086,1.7403057011372
426,2018-10-27,12086,1.72546539727189
427,2018-10-28,12086,1.81862364081541
428,2018-10-29,12086,1.70125045853152
1046,2018-10-30,12086,1.69180250277843
1047,2018-10-31,12086,1.75147608726213
1048,2018-11-01,12086,1.94942706776785
1049,2018-11-02,12086,2.42184972252345
1050,2018-11-03,12086,2.61385275904255
429,2018-11-04,12086,2.66270432993371
430,2018-11-05,12086,2.53605403397734
431,2018-11-06,12086,2.46398287973238
1051,2018-11-07,12086,2.4818195170508
1052,2018-11-08,12086,2.39162407937306
1053,2018-11-09,12086,2.69582844385659
1054,2018-11-10,12086,2.13534045544582
432,2018-11-11,12086,2.12809333294528
433,2018-11-12,12086,1.82239390751043
434,2018-11-13,12086,2.3639082145803
435,2018-11-14,12086,2.4991473443133
1055,2018-11-15,12086,2.5442619161551
436,2018-11-16,12086,2.34078772295025
437,2018-11-17,12086,2.16308231233076
438,2018-11-18,12086,2.48332361121889
1056,2018-11-19,12086,2.4535552283423
439,2018-11-20,12086,2.59321557480126
1057,2018-11-21,12086,2.19569472177891
1058,2018-11-22,12086,2.00765255064732
1059,2018-11-23,12086,1.9596401840077
1060,2018-11-24,12086,1.91227976320823
1061,2018-11-25,12086,2.67408842180578
440,2018-11-26,12086,2.40520609423787
1062,2018-11-27,12086,2.12436608625776
441,2018-11-28,12086,2.06564845248101
442,2018-11-29,12086,2.14230935416968
1063,2018-11-30,12086,2.35436413707353
443,2018-12-01,12086,2.80016930471433
1064,2018-12-02,12086,2.93062532238948
1065,2018-12-03,12086,2.43421459697811
1092,2018-12-04,12086,2.65191789879729
444,2018-12-05,12086,2.50749367200191
1093,2018-12-06,12086,2.56338476130352
1094,2018-12-07,12086,2.68612064001198
445,2018-12-08,12086,2.47557015839131
446,2018-12-09,12086,2.55165019145291
1095,2018-12-10,12086,2.29871527777603
1096,2018-12-11,12086,2.39856439749912
447,2018-12-12,12086,2.19170189258099
448,2018-12-13,12086,2.42611961816477
1097,2018-12-14,12086,2.62003037515049
1098,2018-12-15,12086,2.98650060757378
1099,2018-12-16,12086,3.34562502165145
1100,2018-12-17,12086,3.30648166911697
1101,2018-12-18,12086,3.98242490935379
449,2018-12-19,12086,3.95596850744234
450,2018-12-20,12086,4.23565525728757
1102,2018-12-21,12086,3.85754586362067
1103,2018-12-22,12086,3.74785211900778
1104,2018-12-23,12086,3.6924950039495
451,2018-12-24,12086,3.67885039725984
452,2018-12-25,12086,3.49127265109358
1105,2018-12-26,12086,2.95393680811474
1106,2018-12-27,12086,3.02637963165462
453,2018-12-28,12086,2.96277576356077
454,2018-12-29,12086,2.83448826855782
1107,2018-12-30,12086,2.83667161100489
1108,2018-12-31,12086,2.41886394403692
1109,2019-01-01,12086,2.16257587477181
1110,2019-01-02,12086,1.76244729746807
1111,2019-01-03,12086,1.83047591843722
1112,2019-01-04,12086,1.82959269431223
1113,2019-01-05,12086,1.93372517162173
1114,2019-01-06,12086,1.91885360884549
455,2019-01-07,12086,2.09633439715509
456,2019-01-08,12086,2.18251952711343
1115,2019-01-09,12086,2.20617915314155
1116,2019-01-10,12086,2.16962649616292
457,2019-01-11,12086,2.049155753468
458,2019-01-12,12086,2.06310930882909
459,2019-01-13,12086,2.51481427528666
1117,2019-01-14,12086,2.35415844890405
1118,2019-01-15,12086,2.53402174729965
460,2019-01-16,12086,2.38786858231935
1119,2019-01-17,12086,2.57830427880825
461,2019-01-18,12086,2.73690988055087
462,2019-01-19,12086,2.75995023216518
1120,2019-01-20,12086,2.89812046979703
1121,2019-01-21,12086,2.70659979158589
1122,2019-01-22,12086,2.41403071533349
463,2019-01-23,12086,2.51135458641163
464,2019-01-24,12086,2.71738100479269
1123,2019-01-25,12086,3.04497270971897
1124,2019-01-26,12086,3.19824972704914
465,2019-01-27,12086,3.07037272044819
1125,2019-01-28,12086,3.43814269152953
466,2019-01-29,12086,3.91631750520547
467,2019-01-30,12086,3.78037730674611
468,2019-01-31,12086,3.9341749846861
469,2019-02-01,12086,4.66652980772036
470,2019-02-02,12086,4.7488106440581
471,2019-02-03,12086,4.91739921166038
472,2019-02-04,12086,5.28719827546947
1126,2019-02-05,12086,5.25182586983041
1127,2019-02-06,12086,5.77674353823149
473,2019-02-07,12086,6.55729052300959
474,2019-02-08,12086,7.2439251900822
475,2019-02-09,12086,7.57594881473552
1128,2019-02-10,12086,8.17126760377875
476,2019-02-11,12086,8.43742900875042
1129,2019-02-12,12086,7.92037025712701
477,2019-02-13,12086,7.934631633082
1130,2019-02-14,12086,7.18314198441773
1131,2019-02-15,12086,6.90923855417083
478,2019-02-16,12086,6.28593178207575
1132,2019-02-17,12086,6.23662828419325
479,2019-02-18,12086,6.03588894300906
1133,2019-02-19,12086,5.98347875753036
1134,2019-02-20,12086,5.92295058703892
1135,2019-02-21,12086,6.08444169893265
1136,2019-02-22,12086,5.75858998097859
1137,2019-02-23,12086,5.59963087610539
1138,2019-02-24,12086,5.7523225894373
1139,2019-02-25,12086,5.59138933530969
1140,2019-02-26,12086,5.4900076545407
480,2019-02-27,12086,5.49775642080206
481,2019-02-28,12086,5.31255103700055
1141,2019-03-01,12086,5.05720389439476
1142,2019-03-02,12086,5.27685397834625
1143,2019-03-03,12086,5.23403302895169
482,2019-03-04,12086,5.12976164246426
483,2019-03-05,12086,5.15319216484474
1144,2019-03-06,12086,4.95917431624996
1145,2019-03-07,12086,4.75479841320592
1146,2019-03-08,12086,4.64592786297145
1147,2019-03-09,12086,4.64719390001566
1148,2019-03-10,12086,4.62384331773706
1149,2019-03-11,12086,4.32179348866441
1150,2019-03-12,12086,4.35059405469087
1151,2019-03-13,12086,4.37320044295493
1152,2019-03-14,12086,4.13442317111218
1153,2019-03-15,12086,4.12171610277437
484,2019-03-16,12086,4.07933695121076
1154,2019-03-17,12086,4.04031020707897
485,2019-03-18,12086,4.11731963363814
486,2019-03-19,12086,3.86213431264425
1155,2019-03-20,12086,3.73635727856025
1156,2019-03-21,12086,3.69113075855935
487,2019-03-22,12086,3.23247775353178
488,2019-03-23,12086,3.68300175874425
1157,2019-03-24,12086,3.78842223206826
1158,2019-03-25,12086,3.90149905442805
1159,2019-03-26,12086,3.87133263363323
1160,2019-03-27,12086,4.12895491450998
1161,2019-03-28,12086,3.95261995260181
1162,2019-03-29,12086,4.85551833091071
489,2019-03-30,12086,4.61276730996337
1163,2019-03-31,12086,4.45428280492537
490,2019-04-01,12086,3.88002965351799
1164,2019-04-02,12086,4.12690131454758
491,2019-04-03,12086,3.83993297473767
1165,2019-04-04,12086,3.63359207703611
1166,2019-04-05,12086,3.67122433913932
1167,2019-04-06,12086,3.1722335496334
1168,2019-04-07,12086,3.00459360340059
492,2019-04-08,12086,3.25502763716231
493,2019-04-09,12086,3.14456249012497
1169,2019-04-10,12086,3.0359050365938
494,2019-04-11,12086,3.16339871378836
1170,2019-04-12,12086,3.55876375450488
1171,2019-04-13,12086,3.8033989572834
495,2019-04-14,12086,3.84757333033493
496,2019-04-15,12086,3.87473026158886
1172,2019-04-16,12086,3.92080341091241
1173,2019-04-17,12086,3.77195372723008
1174,2019-04-18,12086,3.99760541435329
497,2019-04-19,12086,3.79063981044585
498,2019-04-20,12086,3.43133559687522
499,2019-04-21,12086,3.00608775079813
500,2019-04-22,12086,3.1452023723664
501,2019-04-23,12086,3.32584500862296
502,2019-04-24,12086,3.32359374316215
1175,2019-04-25,12086,3.30741738941761
503,2019-04-26,12086,2.95012611733934
504,2019-04-27,12086,2.53985463053436
505,2019-04-28,12086,2.92229557510128
506,2019-04-29,12086,3.3163354148435
507,2019-04-30,12086,3.30708887368345
1176,2019-05-01,12086,3.36664504540868
1177,2019-05-02,12086,3.2491358333751
508,2019-05-03,12086,3.24209592111671
509,2019-05-04,12086,3.6860120120998
1178,2019-05-05,12086,3.91481340826358
1179,2019-05-06,12086,3.32100179792099
510,2019-05-07,12086,3.20013361357457
1180,2019-05-08,12086,3.327733947582
511,2019-05-09,12086,2.95578070127073
1181,2019-05-10,12086,3.22329699036562
512,2019-05-11,12086,3.36252872634692
513,2019-05-12,12086,3.07812454865921
1182,2019-05-13,12086,2.81965532219793
1183,2019-05-14,12086,2.82025034819512
1184,2019-05-15,12086,3.00618293606475
514,2019-05-16,12086,3.21445096376487
1185,2019-05-17,12086,3.051911079115
1186,2019-05-18,12086,3.00075049600347
515,2019-05-19,12086,2.79545114087542
1187,2019-05-20,12086,2.87808198593992
516,2019-05-21,12086,2.55481367411098
517,2019-05-22,12086,2.39046066167226
518,2019-05-23,12086,2.10331419021657
519,2019-05-24,12086,1.8079516301349
1188,2019-05-25,12086,1.56268877524491
520,2019-05-26,12086,1.59391868577114
521,2019-05-27,12086,1.74919650985929
1189,2019-05-28,12086,1.89579590378017
522,2019-05-29,12086,2.11204670367072
523,2019-05-30,12086,2.35807443670671
1190,2019-05-31,12086,2.46837479377119
524,2019-06-01,12086,2.28967971899581
1191,2019-06-02,12086,2.39629968451652
525,2019-06-03,12086,2.18613572657238
526,2019-06-04,12086,1.91528316698232
527,2019-06-05,12086,1.80757721906749
528,2019-06-06,12086,2.02492055018723
529,2019-06-07,12086,1.68511116782169
1192,2019-06-08,12086,1.53706655302421
1193,2019-06-09,12086,1.76123500692048
1194,2019-06-10,12086,1.91114280696435
530,2019-06-11,12086,1.99232712326018
531,2019-06-12,12086,2.1702743590464
1195,2019-06-13,12086,1.78602062830477
1196,2019-06-14,12086,1.73018075218393
1197,2019-06-15,12086,1.69632538229421
532,2019-06-16,12086,1.61508152713447
533,2019-06-17,12086,1.58303339909867
1198,2019-06-18,12086,1.59063799839298
1199,2019-06-19,12086,1.6226605160711
1200,2019-06-20,12086,1.41456903947788
1201,2019-06-21,12086,1.54541692218124
534,2019-06-22,12086,1.72623338303954
535,2019-06-23,12086,1.83412022387203
536,2019-06-24,12086,1.91914646717203
1202,2019-06-25,12086,1.84182344358207
537,2019-06-26,12086,1.70712444603491
1203,2019-06-27,12086,1.59080649523678
1204,2019-06-28,12086,1.67422776318475
538,2019-06-29,12086,1.65362156722928
539,2019-06-30,12086,1.5149188213054
1205,2019-07-01,12086,1.24765467894801
1206,2019-07-02,12086,1.40108475482521
1207,2019-07-03,12086,1.33370880252977
1208,2019-07-04,12086,1.38310412217566
1209,2019-07-05,12086,1.21817824803913
1210,2019-07-06,12086,1.25501677285649
1211,2019-07-07,12086,1.16754464382308
1212,2019-07-08,12086,1.04690915640154
540,2019-07-09,12086,1.00481765681472
1213,2019-07-10,12086,0.797380269262634
541,2019-07-11,12086,0.928499936400291
542,2019-07-12,12086,0.755167314149091
543,2019-07-13,12086,0.693781221080075
544,2019-07-14,12086,0.677358833727763
545,2019-07-15,12086,0.721289727287994
546,2019-07-16,12086,0.916504641807105
547,2019-07-17,12086,1.09999377761998
548,2019-07-18,12086,1.11261177684025
1214,2019-07-19,12086,1.25837466268536
549,2019-07-20,12086,1.42178177510827
550,2019-07-21,12086,1.64832628983651
551,2019-07-22,12086,1.60213866304744
1215,2019-07-23,12086,1.34044161906786
1216,2019-07-24,12086,1.4363624884794
1217,2019-07-25,12086,1.29510349737155
552,2019-07-26,12086,1.27117687756775
1218,2019-07-27,12086,0.869341337977435
553,2019-07-28,12086,0.931923887234976
554,2019-07-29,12086,0.850765595444853
555,2019-07-30,12086,0.905832589417102
556,2019-07-31,12086,1.15005060775102
1219,2019-08-01,12086,1.20243397154422
1220,2019-08-02,12086,0.991429346742227
557,2019-08-03,12086,1.05891420674748
1221,2019-08-04,12086,1.15528652868452
1222,2019-08-05,12086,1.19637986600321
1223,2019-08-06,12086,0.983651629165116
558,2019-08-07,12086,0.980685289276826
1224,2019-08-08,12086,0.892243007523651
559,2019-08-09,12086,0.834979899275879
560,2019-08-10,12086,0.78620168444623
561,2019-08-11,12086,1.00020010284109
562,2019-08-12,12086,0.939812350786033
563,2019-08-13,12086,0.954746180941533
1225,2019-08-14,12086,1.35035920011438
564,2019-08-15,12086,1.57134390592497
1226,2019-08-16,12086,1.62241843418281
1227,2019-08-17,12086,1.65888544084224
565,2019-08-18,12086,1.99320746303872
566,2019-08-19,12086,2.09294166382421
567,2019-08-20,12086,1.78579201656312
568,2019-08-21,12086,1.86448110471907
569,2019-08-22,12086,1.95046929346961
1228,2019-08-23,12086,1.99042168667986
1229,2019-08-24,12086,1.9586494575425
1230,2019-08-25,12086,1.86283008647124
1231,2019-08-26,12086,1.77248285291194
1232,2019-08-27,12086,2.05767787499531
570,2019-08-28,12086,2.24138027869099
1233,2019-08-29,12086,2.18287641562974
1234,2019-08-30,12086,2.31676108696698
1235,2019-08-31,12086,2.05156557456935
571,2019-09-01,12086,2.1508803174571
1236,2019-09-02,12086,2.2567109971517
1237,2019-09-03,12086,2.10255412654937
572,2019-09-04,12086,1.82684490616351
573,2019-09-05,12086,1.90545467452845
1238,2019-09-06,12086,2.08511289908462
574,2019-09-07,12086,1.74055770781095
1239,2019-09-08,12086,1.85263422899715
575,2019-09-09,12086,1.81757371522363
576,2019-09-10,12086,1.74907886808348
1240,2019-09-11,12086,1.84881294002258
1241,2019-09-12,12086,1.90679802222386
577,2019-09-13,12086,1.75882393159004
578,2019-09-14,12086,1.8442966822878
579,2019-09-15,12086,1.90248173940261
580,2019-09-16,12086,2.00137038414425
1242,2019-09-17,12086,2.0853670264093
1243,2019-09-18,12086,2.17136687521294
581,2019-09-19,12086,2.35128066582942
1244,2019-09-20,12086,2.07013518858026
1245,2019-09-21,12086,1.92599150495047
582,2019-09-22,12086,2.07781014541153
1246,2019-09-23,12086,1.97212962721302
1247,2019-09-24,12086,2.23712980479503
1248,2019-09-25,12086,2.04497013671547
583,2019-09-26,12086,2.12133624462086
584,2019-09-27,12086,2.25461004623765
585,2019-09-28,12086,2.24153580040979
1249,2019-09-29,12086,2.35403869892236
586,2019-09-30,12086,2.84612755177809
1250,2019-10-01,12086,3.10976350444342
587,2019-10-02,12086,2.96304984673504
588,2019-10-03,12086,2.62441265316364
589,2019-10-04,12086,2.62214146518994
590,2019-10-05,12086,2.58032692641012
1251,2019-10-06,12086,2.58868362476976
591,2019-10-07,12086,2.57070051941262
1252,2019-10-08,12086,2.18977435255765
592,2019-10-09,12086,2.43299163393697
593,2019-10-10,12086,2.16812982120905
1253,2019-10-11,12086,2.07097772449954
1254,2019-10-12,12086,2.17890872282402
594,2019-10-13,12086,2.27486499958594
595,2019-10-14,12086,2.48487267966032
596,2019-10-15,12086,2.2708592855778
597,2019-10-16,12086,2.33108631983119
1255,2019-10-17,12086,2.19612224529615
1256,2019-10-18,12086,2.22931173865644
1257,2019-10-19,12086,2.20811186071458
1258,2019-10-20,12086,2.35773405943372
1259,2019-10-21,12086,1.88089124687391
598,2019-10-22,12086,2.27852972001205
1260,2019-10-23,12086,2.25809290803706
1261,2019-10-24,12086,2.37450843462024
1262,2019-10-25,12086,2.38497094861097
599,2019-10-26,12086,2.67436880270049
600,2019-10-27,12086,2.84849823985412
1263,2019-10-28,12086,3.06570442473629
1264,2019-10-29,12086,3.03551623577359
601,2019-10-30,12086,3.47235537279431
1265,2019-10-31,12086,3.50916455971378
1266,2019-11-01,12086,3.48839784250866
602,2019-11-02,12086,3.66620618124368
603,2019-11-03,12086,3.5673740331844
1267,2019-11-04,12086,3.31586138483925
604,2019-11-05,12086,3.89935384551161
605,2019-11-06,12086,3.7246727904289
606,2019-11-07,12086,3.91903035144563
1268,2019-11-08,12086,4.23291609581106
1269,2019-11-09,12086,4.27261753332669
1270,2019-11-10,12086,4.36082328405001
607,2019-11-11,12086,4.72516993004612
608,2019-11-12,12086,5.08005889572984
609,2019-11-13,12086,4.84796326134991
1271,2019-11-14,12086,4.7170417952361
1272,2019-11-15,12086,4.27118753905874
1273,2019-11-16,12086,3.76471176131277
610,2019-11-17,12086,3.64735935914649
611,2019-11-18,12086,3.30911885222305
612,2019-11-19,12086,3.60357828091309
1274,2019-11-20,12086,3.34785017623682
613,2019-11-21,12086,3.02787807141369
1275,2019-11-22,12086,2.94689912808813
614,2019-11-23,12086,2.93475736557878
615,2019-11-24,12086,3.20569623368933
616,2019-11-25,12086,3.63604080725319
617,2019-11-26,12086,4.06238295333779
1276,2019-11-27,12086,4.03415664830362
618,2019-11-28,12086,3.79544594406957
1277,2019-11-29,12086,3.63704383762809
1278,2019-11-30,12086,3.37223526720966
619,2019-12-01,12086,3.387875133944
1279,2019-12-02,12086,3.32048476418452
1280,2019-12-03,12086,3.01845535482663
620,2019-12-04,12086,2.53816982904386
621,2019-12-05,12086,2.64194879688804
1281,2019-12-06,12086,2.74134475856205
1282,2019-12-07,12086,2.68441812229012
622,2019-12-08,12086,2.96496498628942
1283,2019-12-09,12086,3.12661043960433
623,2019-12-10,12086,3.27482154859324
624,2019-12-11,12086,3.97020745522554
1284,2019-12-12,12086,4.24652418943594
1285,2019-12-13,12086,4.2937219823391
625,2019-12-14,12086,4.45549661229385
1286,2019-12-15,12086,4.49978053602355
626,2019-12-16,12086,4.75735841010343
1287,2019-12-17,12086,4.7356113552992
1288,2019-12-18,12086,4.97637603926581
627,2019-12-19,12086,5.06448622743244
1289,2019-12-20,12086,5.56645895628304
1290,2019-12-21,12086,5.55640661971796
628,2019-12-22,12086,6.03430916251199
1291,2019-12-23,12086,6.39099581045978
629,2019-12-24,12086,6.42872031940896
1292,2019-12-25,12086,6.49853725867503
630,2019-12-26,12086,6.73041136518064
1293,2019-12-27,12086,6.80042056594806
631,2019-12-28,12086,6.42891611900557
1294,2019-12-29,12086,6.02226019436445
632,2019-12-30,12086,5.3224232368594
1295,2019-12-31,12086,5.30223842239406
633,2020-01-01,12086,4.6720841133066
634,2020-01-02,12086,4.44955830341673
1296,2020-01-03,12086,3.90469803538551
635,2020-01-04,12086,3.41395589419423
1297,2020-01-05,12086,3.16520400645086
1298,2020-01-06,12086,3.14425419618969
1299,2020-01-07,12086,3.0327717601641
636,2020-01-08,12086,2.75714326214646
637,2020-01-09,12086,2.73812975963978
638,2020-01-10,12086,2.84950370454744
639,2020-01-11,12086,2.86742339155714
1300,2020-01-12,12086,3.00792846651701
640,2020-01-13,12086,3.41006752111622
1301,2020-01-14,12086,3.99591004454073
1302,2020-01-15,12086,4.2197060535563
641,2020-01-16,12086,4.67711850219998
642,2020-01-17,12086,4.94516592005784
643,2020-01-18,12086,4.90931968642772
1303,2020-01-19,12086,5.1481596471624
1304,2020-01-20,12086,5.21281030607308
1305,2020-01-21,12086,5.09201472200872
1306,2020-01-22,12086,5.2792564759822
644,2020-01-23,12086,4.95474427684465
645,2020-01-24,12086,5.2603800002634
1307,2020-01-25,12086,4.6826437173135
646,2020-01-26,12086,4.34665556127707
647,2020-01-27,12086,4.5738919616324
1308,2020-01-28,12086,4.95982788503091
648,2020-01-29,12086,5.27946441787431
1309,2020-01-30,12086,5.34203723472914
1310,2020-01-31,12086,5.68068422669006
649,2020-02-01,12086,6.00066047601953
1311,2020-02-02,12086,6.59680109537056
1312,2020-02-03,12086,6.95152902133274
650,2020-02-04,12086,7.03942444554446
651,2020-02-05,12086,7.37867197450922
1313,2020-02-06,12086,7.49031508298057
652,2020-02-07,12086,7.80220632496425
653,2020-02-08,12086,7.86863637855418
654,2020-02-09,12086,7.99094764714204
655,2020-02-10,12086,8.17596511909876
1066,2020-02-11,12086,8.03989627935788
1067,2020-02-12,12086,7.98518768228855
1068,2020-02-13,12086,7.12161605743767
1314,2020-02-14,12086,6.06282744445586
1069,2020-02-15,12086,5.67493100063528
1315,2020-02-16,12086,5.34332811902842
1070,2020-02-17,12086,4.68021506239939
1071,2020-02-18,12086,4.33753338047908
1072,2020-02-19,12086,3.88423679565233
1316,2020-02-20,12086,3.85882838012839
1073,2020-02-21,12086,3.15092272652165
1317,2020-02-22,12086,3.15817075378255
1318,2020-02-23,12086,2.99326849371186
1074,2020-02-24,12086,3.2801542522651
1319,2020-02-25,12086,3.16324861816827
1320,2020-02-26,12086,3.32596927496902
1075,2020-02-27,12086,3.25677199680138
1321,2020-02-28,12086,3.35201000595535
1322,2020-02-29,12086,3.23161156381876
1076,2020-03-01,12086,3.30598639891546
1077,2020-03-02,12086,3.41420389724779
1078,2020-03-03,12086,3.3707635664909
1079,2020-03-04,12086,3.51753160114195
1080,2020-03-05,12086,3.64651870654246
1081,2020-03-06,12086,3.6177297918776
1082,2020-03-07,12086,3.79295401421485
1083,2020-03-08,12086,4.04717346754968
1084,2020-03-09,12086,4.14007460024271
1085,2020-03-10,12086,3.92665330786891
1323,2020-03-11,12086,4.43119914864232
1324,2020-03-12,12086,4.84899576350329
1086,2020-03-13,12086,5.38455988037482
1325,2020-03-14,12086,5.46024724180454
1326,2020-03-15,12086,6.20056999178046
1327,2020-03-16,12086,6.46866988261515
1328,2020-03-17,12086,6.79857226736295
1087,2020-03-18,12086,7.01854399265349
1088,2020-03-19,12086,7.05602342082613
1329,2020-03-20,12086,6.59088777928693
1330,2020-03-21,12086,5.43057613214708
1089,2020-03-22,12086,5.0347637029684
1090,2020-03-23,12086,4.47809835474882
1331,2020-03-24,12086,3.86517165263426
1091,2020-03-25,12086,3.44294643405642
1332,2020-03-26,12086,2.55555820176256
